Id_job,Job, Salary,Job level,Id_department,Description
ASII1001,Software Architect,"$60,000",Senior,SFT102,
ISII1002,Software Engineer II,"$36,000",Senior,SFT103,
ASII1003,Software Architect,"$36,000",Senior,SFT102,
ES1004,Software Specialist,"$36,000",Senior,SFT102,
ASII1005,Software Architect,"$36,000",Senior,SFT102,
ASII1006,Software Architect,"$36,000",Senior,SFT101,
ISII1007,Software Engineer II,"$36,000",Senior,SFT103,
ASII1008,Software Architect,"$24,000",Senior,SFT103,
ES1009,Software Specialist,"$24,000",Senior,SFT103,
ASII1010,Software Architect,"$24,000",Senior,SFT101,
DSII1011,Software Developer II,"$24,000",Senior,SFT102,
ISII1012,Software Engineer II,"$24,000",Senior,SFT102,
DSII1013,Software Developer II,"$24,000",Senior,SFT103,
ISII1014,Software Engineer II,"$24,000",Senior,SFT102,
DSII1015,Software Developer II,"$21,000",Senior,SFT103,
DSII1016,Software Developer II,"$21,000",Senior,SFT102,
ISII1017,Software Engineer I,"$18,000",Semi,SFT102,
DSI1018,Software Developer I,"$18,000",Semi,SFT103,
DSII1019,Software Developer II,"$18,000",Semi,SFT102,
ISII1020,Software Engineer I,"$18,000",Semi,SFT103,
DSI1021,Software Developer I,"$18,000",Semi,SFT103,
DSII1022,Software Developer II,"$18,000",Semi,SFT102,
ISII1023,Software Engineer I,"$18,000",Semi,SFT101,
DSI1024,Software Developer I,"$15,000",Semi,SFT101,
DSII1025,Software Developer II,"$15,000",Semi,SFT101,
ISII1026,Software Engineer I,"$15,000",Semi,SFT101,
DSI1027,Software Developer I,"$15,000",Semi,SFT102,
DSII1028,Software Developer II,"$15,000",Semi,SFT103,
ISII1029,Software Engineer I,"$15,000",Semi,SFT103,
DSI1030,Software Developer I,"$15,000",Semi,SFT103,
DSII1031,Software Developer II,"$15,000",Semi,SFT102,
ISII1032,Software Engineer I,"$15,000",Semi,SFT101,
DSI1033,Software Developer I,"$15,000",Semi,SFT103,
DSII1034,Software Developer II,"$15,000",Semi,SFT103,
ISII1035,Software Engineer I,"$15,000",Semi,SFT102,
DSI1036,Software Developer I,"$15,000",Semi,SFT103,
DSII1037,Software Developer II,"$15,000",Semi,SFT101,
ISII1038,Software Engineer I,"$15,000",Semi,SFT103,
DSI1039,Software Developer I,"$15,000",Semi,SFT102,
ISII1040,Software Engineer I,"$15,000",Semi,SFT102,
DSI1041,Software Developer I,"$15,000",Semi,SFT101,
ISII1042,Software Engineer I,"$15,000",Semi,SFT101,
DSI1043,Software Developer I,"$12,000",Junior,SFT101,
ISII1044,Software Engineer I,"$12,000",Junior,SFT101,
DSI1045,Software Developer I,"$12,000",Junior,SFT101,
ISII1046,Software Engineer I,"$12,000",Junior,SFT101,
DSI1047,Software Developer I,"$12,000",Junior,SFT102,
ISII1048,Software Engineer I,"$12,000",Junior,SFT102,
DSI1049,Software Developer I,"$12,000",Junior,SFT101,
ISII1050,Software Engineer I,"$12,000",Junior,SFT101,
DSI1051,Software Developer I,"$12,000",Junior,SFT101,
ISII1052,Software Engineer I,"$8,400",Junior,SFT103,
DSI1053,Software Developer I,"$8,400",Junior,SFT101,
ISII1054,Software Engineer I,"$6,000",Junior,SFT103,
DSI1055,Software Developer I,"$6,000",Junior,SFT103,
ASII1056,Software Architect,"$37,000",Senior,SFT103,
ASII1057,Software Architect,"$41,000",Senior,SFT102,
ASII1058,Software Architect,"$51,000",Senior,SFT103,
ASII1059,Software Architect,"$51,000",Senior,SFT101,
ASII1060,Software Architect,"$45,000",Senior,SFT102,
ASII1061,Software Architect,"$22,000",Senior,SFT101,
ASII1062,Software Architect,"$55,000",Senior,SFT102,
ASII1063,Software Architect,"$46,000",Senior,SFT101,
ASII1064,Software Architect,"$50,000",Senior,SFT102,
ASII1065,Software Architect,"$53,000",Senior,SFT103,
ASII1066,Software Architect,"$32,000",Senior,SFT102,
ASII1067,Software Architect,"$58,000",Senior,SFT102,
ASII1068,Software Architect,"$55,000",Senior,SFT103,
ASII1069,Software Architect,"$25,000",Senior,SFT103,
ASII1070,Software Architect,"$43,000",Senior,SFT102,
ASII1071,Software Architect,"$49,000",Senior,SFT102,
ASII1072,Software Architect,"$40,000",Senior,SFT101,
ASII1073,Software Architect,"$27,000",Senior,SFT103,
ASII1074,Software Architect,"$55,000",Senior,SFT103,
ASII1075,Software Architect,"$45,000",Senior,SFT103,
ASII1076,Software Architect,"$21,000",Senior,SFT103,
ASII1077,Software Architect,"$58,000",Senior,SFT101,
ASII1078,Software Architect,"$39,000",Senior,SFT103,
ASII1079,Software Architect,"$38,000",Senior,SFT101,
ASII1080,Software Architect,"$57,000",Senior,SFT102,
ASII1081,Software Architect,"$41,000",Senior,SFT103,
ASII1082,Software Architect,"$44,000",Senior,SFT103,
ASII1083,Software Architect,"$33,000",Senior,SFT102,
ASII1084,Software Architect,"$32,000",Senior,SFT103,
ASII1085,Software Architect,"$44,000",Senior,SFT101,
ASII1086,Software Architect,"$45,000",Senior,SFT102,
ASII1087,Software Architect,"$53,000",Senior,SFT103,
ASII1088,Software Architect,"$56,000",Senior,SFT101,
ASII1089,Software Architect,"$25,000",Senior,SFT103,
ASII1090,Software Architect,"$45,000",Senior,SFT102,
ASII1091,Software Architect,"$29,000",Senior,SFT102,
ASII1092,Software Architect,"$57,000",Senior,SFT103,
ASII1093,Software Architect,"$25,000",Senior,SFT103,
ASII1094,Software Architect,"$34,000",Senior,SFT103,
ASII1095,Software Architect,"$35,000",Senior,SFT103,
ASII1096,Software Architect,"$27,000",Senior,SFT102,
ASII1097,Software Architect,"$23,000",Senior,SFT101,
ASII1098,Software Architect,"$47,000",Senior,SFT103,
ASII1099,Software Architect,"$32,000",Senior,SFT102,
ASII1100,Software Architect,"$33,000",Senior,SFT101,
ASII1101,Software Architect,"$39,000",Senior,SFT101,
ASII1102,Software Architect,"$24,000",Senior,SFT102,
ASII1103,Software Architect,"$28,000",Senior,SFT102,
ASII1104,Software Architect,"$42,000",Senior,SFT103,
ASII1105,Software Architect,"$53,000",Senior,SFT101,
ASII1106,Software Architect,"$49,000",Senior,SFT103,
ASII1107,Software Architect,"$46,000",Senior,SFT102,
ASII1108,Software Architect,"$24,000",Senior,SFT103,
ASII1109,Software Architect,"$23,000",Senior,SFT101,
ASII1110,Software Architect,"$24,000",Senior,SFT102,
ASII1111,Software Architect,"$47,000",Senior,SFT103,
ASII1112,Software Architect,"$24,000",Senior,SFT102,
ASII1113,Software Architect,"$60,000",Senior,SFT103,
ASII1114,Software Architect,"$37,000",Senior,SFT103,
ASII1115,Software Architect,"$39,000",Senior,SFT102,
ASII1116,Software Architect,"$55,000",Senior,SFT102,
ASII1117,Software Architect,"$43,000",Senior,SFT103,
ASII1118,Software Architect,"$48,000",Senior,SFT101,
ASII1119,Software Architect,"$22,000",Senior,SFT103,
ASII1120,Software Architect,"$37,000",Senior,SFT101,
ASII1121,Software Architect,"$58,000",Senior,SFT103,
ASII1122,Software Architect,"$55,000",Senior,SFT101,
ASII1123,Software Architect,"$51,000",Senior,SFT103,
ASII1124,Software Architect,"$54,000",Senior,SFT103,
ASII1125,Software Architect,"$60,000",Senior,SFT103,
ASII1126,Software Architect,"$37,000",Senior,SFT103,
ASII1127,Software Architect,"$44,000",Senior,SFT103,
ASII1128,Software Architect,"$46,000",Senior,SFT102,
ASII1129,Software Architect,"$44,000",Senior,SFT103,
ASII1130,Software Architect,"$56,000",Senior,SFT103,
ASII1131,Software Architect,"$30,000",Senior,SFT102,
ASII1132,Software Architect,"$33,000",Senior,SFT101,
ASII1133,Software Architect,"$47,000",Senior,SFT101,
ASII1134,Software Architect,"$33,000",Senior,SFT102,
ASII1135,Software Architect,"$27,000",Senior,SFT103,
ASII1136,Software Architect,"$39,000",Senior,SFT103,
ASII1137,Software Architect,"$50,000",Senior,SFT101,
ASII1138,Software Architect,"$27,000",Senior,SFT101,
ASII1139,Software Architect,"$31,000",Senior,SFT101,
ASII1140,Software Architect,"$41,000",Senior,SFT103,
ASII1141,Software Architect,"$34,000",Senior,SFT101,
ASII1142,Software Architect,"$57,000",Senior,SFT103,
ASII1143,Software Architect,"$23,000",Senior,SFT102,
ASII1144,Software Architect,"$60,000",Senior,SFT102,
ASII1145,Software Architect,"$38,000",Senior,SFT103,
ASII1146,Software Architect,"$58,000",Senior,SFT103,
ASII1147,Software Architect,"$21,000",Senior,SFT101,
ASII1148,Software Architect,"$57,000",Senior,SFT101,
ASII1149,Software Architect,"$32,000",Senior,SFT103,
ES1150,Software Specialist,"$32,000",Senior,SFT103,
ES1151,Software Specialist,"$53,000",Senior,SFT101,
ES1152,Software Specialist,"$48,000",Senior,SFT102,
ES1153,Software Specialist,"$48,000",Senior,SFT103,
ES1154,Software Specialist,"$56,000",Senior,SFT101,
ES1155,Software Specialist,"$35,000",Senior,SFT102,
ES1156,Software Specialist,"$25,000",Senior,SFT101,
ES1157,Software Specialist,"$40,000",Senior,SFT101,
ES1158,Software Specialist,"$55,000",Senior,SFT102,
ES1159,Software Specialist,"$48,000",Senior,SFT103,
ES1160,Software Specialist,"$53,000",Senior,SFT102,
ES1161,Software Specialist,"$54,000",Senior,SFT103,
ES1162,Software Specialist,"$59,000",Senior,SFT101,
ES1163,Software Specialist,"$39,000",Senior,SFT101,
ES1164,Software Specialist,"$39,000",Senior,SFT102,
ES1165,Software Specialist,"$22,000",Senior,SFT102,
ES1166,Software Specialist,"$48,000",Senior,SFT101,
ES1167,Software Specialist,"$49,000",Senior,SFT103,
ES1168,Software Specialist,"$41,000",Senior,SFT102,
ES1169,Software Specialist,"$34,000",Senior,SFT102,
ES1170,Software Specialist,"$38,000",Senior,SFT102,
ES1171,Software Specialist,"$27,000",Senior,SFT101,
ES1172,Software Specialist,"$35,000",Senior,SFT103,
ES1173,Software Specialist,"$55,000",Senior,SFT101,
ES1174,Software Specialist,"$44,000",Senior,SFT103,
ES1175,Software Specialist,"$42,000",Senior,SFT102,
ES1176,Software Specialist,"$54,000",Senior,SFT103,
ES1177,Software Specialist,"$48,000",Senior,SFT102,
ES1178,Software Specialist,"$23,000",Senior,SFT103,
ES1179,Software Specialist,"$34,000",Senior,SFT101,
ES1180,Software Specialist,"$45,000",Senior,SFT102,
ES1181,Software Specialist,"$51,000",Senior,SFT103,
ES1182,Software Specialist,"$24,000",Senior,SFT101,
ES1183,Software Specialist,"$52,000",Senior,SFT102,
ES1184,Software Specialist,"$30,000",Senior,SFT103,
ES1185,Software Specialist,"$34,000",Senior,SFT102,
ES1186,Software Specialist,"$55,000",Senior,SFT101,
ES1187,Software Specialist,"$42,000",Senior,SFT101,
ES1188,Software Specialist,"$35,000",Senior,SFT102,
ES1189,Software Specialist,"$37,000",Senior,SFT102,
ES1190,Software Specialist,"$41,000",Senior,SFT103,
ES1191,Software Specialist,"$47,000",Senior,SFT103,
ES1192,Software Specialist,"$53,000",Senior,SFT101,
ES1193,Software Specialist,"$59,000",Senior,SFT103,
ES1194,Software Specialist,"$40,000",Senior,SFT101,
ES1195,Software Specialist,"$53,000",Senior,SFT102,
ES1196,Software Specialist,"$59,000",Senior,SFT102,
ES1197,Software Specialist,"$24,000",Senior,SFT102,
ES1198,Software Specialist,"$33,000",Senior,SFT102,
ES1199,Software Specialist,"$39,000",Senior,SFT101,
ISII1200,Software Engineer II,"$52,000",Senior,SFT103,
ISII1201,Software Engineer II,"$23,000",Senior,SFT102,
ISII1202,Software Engineer II,"$40,000",Senior,SFT103,
ISII1203,Software Engineer II,"$55,000",Senior,SFT102,
ISII1204,Software Engineer II,"$31,000",Senior,SFT103,
ISII1205,Software Engineer II,"$26,000",Senior,SFT102,
ISII1206,Software Engineer II,"$50,000",Senior,SFT103,
ISII1207,Software Engineer II,"$44,000",Senior,SFT101,
ISII1208,Software Engineer II,"$54,000",Senior,SFT102,
ISII1209,Software Engineer II,"$53,000",Senior,SFT103,
ISII1210,Software Engineer II,"$52,000",Senior,SFT103,
ISII1211,Software Engineer II,"$34,000",Senior,SFT103,
ISII1212,Software Engineer II,"$51,000",Senior,SFT101,
ISII1213,Software Engineer II,"$45,000",Senior,SFT103,
ISII1214,Software Engineer II,"$37,000",Senior,SFT103,
ISII1215,Software Engineer II,"$58,000",Senior,SFT101,
ISII1216,Software Engineer II,"$47,000",Senior,SFT103,
ISII1217,Software Engineer II,"$44,000",Senior,SFT103,
ISII1218,Software Engineer II,"$26,000",Senior,SFT102,
ISII1219,Software Engineer II,"$21,000",Senior,SFT102,
ISII1220,Software Engineer II,"$45,000",Senior,SFT103,
ISII1221,Software Engineer II,"$43,000",Senior,SFT101,
ISII1222,Software Engineer II,"$56,000",Senior,SFT103,
ISII1223,Software Engineer II,"$28,000",Senior,SFT103,
ISII1224,Software Engineer II,"$46,000",Senior,SFT101,
ISII1225,Software Engineer II,"$37,000",Senior,SFT102,
ISII1226,Software Engineer II,"$43,000",Senior,SFT101,
ISII1227,Software Engineer II,"$40,000",Senior,SFT101,
ISII1228,Software Engineer II,"$48,000",Senior,SFT101,
ISII1229,Software Engineer II,"$24,000",Senior,SFT102,
ISII1230,Software Engineer II,"$57,000",Senior,SFT103,
ISII1231,Software Engineer II,"$34,000",Senior,SFT101,
ISII1232,Software Engineer II,"$23,000",Senior,SFT101,
ISII1233,Software Engineer II,"$51,000",Senior,SFT101,
ISII1234,Software Engineer II,"$60,000",Senior,SFT102,
ISII1235,Software Engineer II,"$50,000",Senior,SFT102,
ISII1236,Software Engineer II,"$60,000",Senior,SFT102,
ISII1237,Software Engineer II,"$36,000",Senior,SFT103,
ISII1238,Software Engineer II,"$23,000",Senior,SFT103,
ISII1239,Software Engineer II,"$52,000",Senior,SFT103,
ISII1240,Software Engineer II,"$50,000",Senior,SFT103,
ISII1241,Software Engineer II,"$25,000",Senior,SFT101,
ISII1242,Software Engineer II,"$34,000",Senior,SFT102,
ISII1243,Software Engineer II,"$35,000",Senior,SFT102,
ISII1244,Software Engineer II,"$23,000",Senior,SFT103,
ISII1245,Software Engineer II,"$41,000",Senior,SFT102,
ISII1246,Software Engineer II,"$34,000",Senior,SFT102,
ISII1247,Software Engineer II,"$60,000",Senior,SFT101,
ISII1248,Software Engineer II,"$21,000",Senior,SFT103,
ISII1249,Software Engineer II,"$50,000",Senior,SFT102,
ISII1250,Software Engineer II,"$41,000",Senior,SFT101,
ISII1251,Software Engineer II,"$21,000",Senior,SFT101,
ISII1252,Software Engineer II,"$27,000",Senior,SFT101,
ISII1253,Software Engineer II,"$54,000",Senior,SFT103,
ISII1254,Software Engineer II,"$37,000",Senior,SFT102,
ISII1255,Software Engineer II,"$23,000",Senior,SFT102,
ISII1256,Software Engineer II,"$29,000",Senior,SFT102,
ISII1257,Software Engineer II,"$53,000",Senior,SFT103,
ISII1258,Software Engineer II,"$46,000",Senior,SFT103,
ISII1259,Software Engineer II,"$50,000",Senior,SFT101,
ISII1260,Software Engineer II,"$56,000",Senior,SFT101,
ISII1261,Software Engineer II,"$34,000",Senior,SFT101,
ISII1262,Software Engineer II,"$45,000",Senior,SFT101,
ISII1263,Software Engineer II,"$27,000",Senior,SFT102,
ISII1264,Software Engineer II,"$25,000",Senior,SFT102,
ISII1265,Software Engineer II,"$42,000",Senior,SFT101,
ISII1266,Software Engineer II,"$39,000",Senior,SFT101,
ISII1267,Software Engineer II,"$54,000",Senior,SFT102,
ISII1268,Software Engineer II,"$22,000",Senior,SFT103,
ISII1269,Software Engineer II,"$36,000",Senior,SFT103,
ISII1270,Software Engineer II,"$55,000",Senior,SFT101,
ISII1271,Software Engineer II,"$38,000",Senior,SFT103,
ISII1272,Software Engineer II,"$58,000",Senior,SFT101,
ISII1273,Software Engineer II,"$28,000",Senior,SFT101,
ISII1274,Software Engineer II,"$47,000",Senior,SFT101,
ISII1275,Software Engineer II,"$45,000",Senior,SFT101,
ISII1276,Software Engineer II,"$56,000",Senior,SFT102,
ISII1277,Software Engineer II,"$40,000",Senior,SFT102,
ISII1278,Software Engineer II,"$59,000",Senior,SFT102,
ISII1279,Software Engineer II,"$27,000",Senior,SFT102,
ISII1280,Software Engineer II,"$28,000",Senior,SFT102,
ISII1281,Software Engineer II,"$50,000",Senior,SFT103,
ISII1282,Software Engineer II,"$45,000",Senior,SFT102,
ISII1283,Software Engineer II,"$24,000",Senior,SFT101,
ISII1284,Software Engineer II,"$54,000",Senior,SFT103,
ISII1285,Software Engineer II,"$37,000",Senior,SFT102,
ISII1286,Software Engineer II,"$58,000",Senior,SFT102,
ISII1287,Software Engineer II,"$48,000",Senior,SFT103,
ISII1288,Software Engineer II,"$35,000",Senior,SFT101,
ISII1289,Software Engineer II,"$48,000",Senior,SFT103,
ISII1290,Software Engineer II,"$21,000",Senior,SFT103,
ISII1291,Software Engineer II,"$44,000",Senior,SFT102,
ISII1292,Software Engineer II,"$24,000",Senior,SFT101,
ISII1293,Software Engineer II,"$34,000",Senior,SFT101,
ISII1294,Software Engineer II,"$52,000",Senior,SFT101,
ISII1295,Software Engineer II,"$45,000",Senior,SFT101,
ISII1296,Software Engineer II,"$41,000",Senior,SFT103,
ISII1297,Software Engineer II,"$34,000",Senior,SFT101,
ISII1298,Software Engineer II,"$54,000",Senior,SFT101,
DSII1299,Software Developer II,"$58,000",Senior,SFT102,
DSII1300,Software Developer II,"$29,000",Senior,SFT102,
DSII1301,Software Developer II,"$51,000",Senior,SFT103,
DSII1302,Software Developer II,"$22,000",Senior,SFT103,
DSII1303,Software Developer II,"$41,000",Senior,SFT103,
DSII1304,Software Developer II,"$60,000",Senior,SFT101,
DSII1305,Software Developer II,"$47,000",Senior,SFT103,
DSII1306,Software Developer II,"$33,000",Senior,SFT101,
DSII1307,Software Developer II,"$44,000",Senior,SFT102,
DSII1308,Software Developer II,"$22,000",Senior,SFT102,
DSII1309,Software Developer II,"$38,000",Senior,SFT103,
DSII1310,Software Developer II,"$35,000",Senior,SFT102,
DSII1311,Software Developer II,"$37,000",Senior,SFT103,
DSII1312,Software Developer II,"$42,000",Senior,SFT103,
DSII1313,Software Developer II,"$57,000",Senior,SFT102,
DSII1314,Software Developer II,"$51,000",Senior,SFT103,
DSII1315,Software Developer II,"$58,000",Senior,SFT103,
DSII1316,Software Developer II,"$38,000",Senior,SFT103,
DSII1317,Software Developer II,"$28,000",Senior,SFT102,
DSII1318,Software Developer II,"$22,000",Senior,SFT101,
DSII1319,Software Developer II,"$48,000",Senior,SFT101,
DSII1320,Software Developer II,"$29,000",Senior,SFT103,
DSII1321,Software Developer II,"$60,000",Senior,SFT103,
DSII1322,Software Developer II,"$44,000",Senior,SFT103,
DSII1323,Software Developer II,"$35,000",Senior,SFT102,
DSII1324,Software Developer II,"$45,000",Senior,SFT103,
DSII1325,Software Developer II,"$22,000",Senior,SFT103,
DSII1326,Software Developer II,"$23,000",Senior,SFT102,
DSII1327,Software Developer II,"$44,000",Senior,SFT102,
DSII1328,Software Developer II,"$50,000",Senior,SFT102,
DSII1329,Software Developer II,"$35,000",Senior,SFT101,
DSII1330,Software Developer II,"$25,000",Senior,SFT101,
DSII1331,Software Developer II,"$56,000",Senior,SFT103,
DSII1332,Software Developer II,"$42,000",Senior,SFT103,
DSII1333,Software Developer II,"$26,000",Senior,SFT101,
DSII1334,Software Developer II,"$31,000",Senior,SFT101,
DSII1335,Software Developer II,"$49,000",Senior,SFT103,
DSII1336,Software Developer II,"$26,000",Senior,SFT101,
DSII1337,Software Developer II,"$56,000",Senior,SFT101,
DSII1338,Software Developer II,"$44,000",Senior,SFT102,
DSII1339,Software Developer II,"$22,000",Senior,SFT101,
DSII1340,Software Developer II,"$35,000",Senior,SFT102,
DSII1341,Software Developer II,"$59,000",Senior,SFT103,
DSII1342,Software Developer II,"$28,000",Senior,SFT102,
DSII1343,Software Developer II,"$41,000",Senior,SFT103,
DSII1344,Software Developer II,"$48,000",Senior,SFT101,
DSII1345,Software Developer II,"$25,000",Senior,SFT101,
DSII1346,Software Developer II,"$45,000",Senior,SFT103,
DSII1347,Software Developer II,"$35,000",Senior,SFT102,
DSII1348,Software Developer II,"$35,000",Senior,SFT101,
DSII1349,Software Developer II,"$35,000",Senior,SFT102,
DSII1350,Software Developer II,"$50,000",Senior,SFT102,
DSII1351,Software Developer II,"$24,000",Senior,SFT101,
DSII1352,Software Developer II,"$55,000",Senior,SFT102,
DSII1353,Software Developer II,"$29,000",Senior,SFT103,
DSII1354,Software Developer II,"$48,000",Senior,SFT103,
DSII1355,Software Developer II,"$56,000",Senior,SFT102,
DSII1356,Software Developer II,"$27,000",Senior,SFT101,
DSII1357,Software Developer II,"$29,000",Senior,SFT102,
DSII1358,Software Developer II,"$33,000",Senior,SFT101,
DSII1359,Software Developer II,"$53,000",Senior,SFT101,
DSII1360,Software Developer II,"$28,000",Senior,SFT102,
DSII1361,Software Developer II,"$54,000",Senior,SFT102,
DSII1362,Software Developer II,"$55,000",Senior,SFT102,
DSII1363,Software Developer II,"$35,000",Senior,SFT102,
DSII1364,Software Developer II,"$24,000",Senior,SFT101,
DSII1365,Software Developer II,"$28,000",Senior,SFT102,
DSII1366,Software Developer II,"$37,000",Senior,SFT102,
DSII1367,Software Developer II,"$57,000",Senior,SFT103,
DSII1368,Software Developer II,"$58,000",Senior,SFT101,
DSII1369,Software Developer II,"$57,000",Senior,SFT103,
DSII1370,Software Developer II,"$50,000",Senior,SFT101,
DSII1371,Software Developer II,"$34,000",Senior,SFT103,
DSII1372,Software Developer II,"$56,000",Senior,SFT102,
DSII1373,Software Developer II,"$31,000",Senior,SFT101,
DSII1374,Software Developer II,"$23,000",Senior,SFT103,
DSII1375,Software Developer II,"$40,000",Senior,SFT102,
DSII1376,Software Developer II,"$36,000",Senior,SFT102,
DSII1377,Software Developer II,"$29,000",Senior,SFT103,
DSII1378,Software Developer II,"$24,000",Senior,SFT103,
DSII1379,Software Developer II,"$39,000",Senior,SFT103,
DSII1380,Software Developer II,"$56,000",Senior,SFT103,
DSII1381,Software Developer II,"$53,000",Senior,SFT103,
DSII1382,Software Developer II,"$58,000",Senior,SFT102,
DSII1383,Software Developer II,"$52,000",Senior,SFT103,
DSII1384,Software Developer II,"$53,000",Senior,SFT101,
DSII1385,Software Developer II,"$31,000",Senior,SFT102,
DSII1386,Software Developer II,"$46,000",Senior,SFT102,
DSII1387,Software Developer II,"$28,000",Senior,SFT102,
DSII1388,Software Developer II,"$57,000",Senior,SFT101,
DSII1389,Software Developer II,"$35,000",Senior,SFT103,
DSII1390,Software Developer II,"$37,000",Senior,SFT101,
DSII1391,Software Developer II,"$24,000",Senior,SFT102,
DSII1392,Software Developer II,"$57,000",Senior,SFT101,
DSII1393,Software Developer II,"$45,000",Senior,SFT101,
DSII1394,Software Developer II,"$32,000",Senior,SFT102,
DSII1395,Software Developer II,"$23,000",Senior,SFT103,
DSII1396,Software Developer II,"$31,000",Senior,SFT101,
DSII1397,Software Developer II,"$21,000",Senior,SFT101,
DSII1398,Software Developer II,"$24,000",Senior,SFT101,
DSII1399,Software Developer II,"$59,000",Senior,SFT102,
DSII1400,Software Developer II,"$35,000",Senior,SFT103,
DSII1401,Software Developer II,"$39,000",Senior,SFT102,
DSII1402,Software Developer II,"$26,000",Senior,SFT103,
DSII1403,Software Developer II,"$26,000",Senior,SFT103,
DSII1404,Software Developer II,"$52,000",Senior,SFT101,
DSII1405,Software Developer II,"$52,000",Senior,SFT103,
DSII1406,Software Developer II,"$51,000",Senior,SFT103,
DSII1407,Software Developer II,"$38,000",Senior,SFT101,
DSII1408,Software Developer II,"$31,000",Senior,SFT101,
DSII1409,Software Developer II,"$34,000",Senior,SFT101,
DSII1410,Software Developer II,"$22,000",Senior,SFT102,
DSII1411,Software Developer II,"$57,000",Senior,SFT103,
DSII1412,Software Developer II,"$30,000",Senior,SFT101,
DSII1413,Software Developer II,"$25,000",Senior,SFT103,
DSII1414,Software Developer II,"$21,000",Senior,SFT101,
DSII1415,Software Developer II,"$49,000",Senior,SFT101,
DSII1416,Software Developer II,"$36,000",Senior,SFT103,
DSII1417,Software Developer II,"$56,000",Senior,SFT102,
DSII1418,Software Developer II,"$45,000",Senior,SFT101,
DSII1419,Software Developer II,"$38,000",Senior,SFT103,
DSII1420,Software Developer II,"$27,000",Senior,SFT103,
DSII1421,Software Developer II,"$40,000",Senior,SFT103,
DSII1422,Software Developer II,"$48,000",Senior,SFT103,
DSII1423,Software Developer II,"$31,000",Senior,SFT103,
DSII1424,Software Developer II,"$24,000",Senior,SFT103,
DSII1425,Software Developer II,"$58,000",Senior,SFT102,
DSII1426,Software Developer II,"$23,000",Senior,SFT103,
DSII1427,Software Developer II,"$53,000",Senior,SFT101,
DSII1428,Software Developer II,"$43,000",Senior,SFT102,
DSII1429,Software Developer II,"$23,000",Senior,SFT102,
DSII1430,Software Developer II,"$38,000",Senior,SFT103,
DSII1431,Software Developer II,"$58,000",Senior,SFT101,
DSII1432,Software Developer II,"$24,000",Senior,SFT102,
DSII1433,Software Developer II,"$43,000",Senior,SFT102,
DSII1434,Software Developer II,"$27,000",Senior,SFT101,
DSII1435,Software Developer II,"$46,000",Senior,SFT103,
DSII1436,Software Developer II,"$44,000",Senior,SFT102,
DSII1437,Software Developer II,"$25,000",Senior,SFT102,
DSII1438,Software Developer II,"$48,000",Senior,SFT103,
DSII1439,Software Developer II,"$33,000",Senior,SFT103,
DSII1440,Software Developer II,"$57,000",Senior,SFT101,
DSII1441,Software Developer II,"$24,000",Senior,SFT103,
DSII1442,Software Developer II,"$29,000",Senior,SFT101,
DSII1443,Software Developer II,"$58,000",Senior,SFT102,
DSII1444,Software Developer II,"$30,000",Senior,SFT101,
DSII1445,Software Developer II,"$28,000",Senior,SFT103,
DSII1446,Software Developer II,"$33,000",Senior,SFT101,
DSII1447,Software Developer II,"$58,000",Senior,SFT101,
DSII1448,Software Developer II,"$52,000",Senior,SFT101,
DSII1449,Software Developer II,"$47,000",Senior,SFT102,
DSII1450,Software Developer II,"$50,000",Senior,SFT103,
ISII1451,Software Engineer II,"$20,000",Semi,SFT101,
DSI1452,Software Developer I,"$15,000",Semi,SFT102,
ISII1453,Software Engineer I,"$17,000",Semi,SFT102,
DSII1454,Software Developer II,"$19,000",Semi,SFT103,
ISII1455,Software Engineer I,"$17,000",Semi,SFT102,
ISII1456,Software Engineer I,"$15,000",Semi,SFT103,
DSII1457,Software Developer II,"$18,000",Semi,SFT103,
ISII1458,Software Engineer II,"$18,000",Semi,SFT102,
ISII1459,Software Engineer I,"$19,000",Semi,SFT102,
ES1460,Software Specialist,"$18,000",Semi,SFT103,
ISII1461,Software Engineer I,"$18,000",Semi,SFT102,
ISII1462,Software Engineer II,"$16,000",Semi,SFT103,
ASI1463,Software Analyst,"$16,000",Semi,SFT103,
DSI1464,Software Developer I,"$15,000",Semi,SFT102,
ASI1465,Software Analyst,"$15,000",Semi,SFT103,
ES1466,Software Specialist,"$19,000",Semi,SFT101,
ASI1467,Software Analyst,"$17,000",Semi,SFT101,
DSI1468,Software Developer I,"$19,000",Semi,SFT103,
DSI1469,Software Developer I,"$20,000",Semi,SFT101,
ISII1470,Software Engineer II,"$18,000",Semi,SFT101,
ISII1471,Software Engineer I,"$19,000",Semi,SFT102,
ISII1472,Software Engineer II,"$16,000",Semi,SFT101,
ISII1473,Software Engineer I,"$16,000",Semi,SFT101,
ISII1474,Software Engineer I,"$17,000",Semi,SFT102,
ISII1475,Software Engineer II,"$19,000",Semi,SFT103,
ISII1476,Software Engineer I,"$17,000",Semi,SFT102,
ASI1477,Software Analyst,"$17,000",Semi,SFT101,
DSI1478,Software Developer I,"$17,000",Semi,SFT103,
DSII1479,Software Developer II,"$17,000",Semi,SFT103,
ISII1480,Software Engineer II,"$19,000",Semi,SFT103,
ISII1481,Software Engineer II,"$20,000",Semi,SFT103,
DSII1482,Software Developer II,"$20,000",Semi,SFT101,
ASI1483,Software Analyst,"$19,000",Semi,SFT101,
DSI1484,Software Developer I,"$16,000",Semi,SFT103,
ISII1485,Software Engineer II,"$19,000",Semi,SFT103,
ISII1486,Software Engineer I,"$17,000",Semi,SFT101,
ASI1487,Software Analyst,"$16,000",Semi,SFT101,
DSI1488,Software Developer I,"$20,000",Semi,SFT102,
ASI1489,Software Analyst,"$18,000",Semi,SFT101,
DSII1490,Software Developer II,"$18,000",Semi,SFT101,
DSII1491,Software Developer II,"$15,000",Semi,SFT101,
ISII1492,Software Engineer II,"$16,000",Semi,SFT101,
ASI1493,Software Analyst,"$19,000",Semi,SFT102,
ISII1494,Software Engineer I,"$18,000",Semi,SFT103,
ES1495,Software Specialist,"$16,000",Semi,SFT103,
ISII1496,Software Engineer II,"$19,000",Semi,SFT102,
ISII1497,Software Engineer II,"$18,000",Semi,SFT102,
ES1498,Software Specialist,"$16,000",Semi,SFT103,
ISII1499,Software Engineer I,"$20,000",Semi,SFT103,
ASI1500,Software Analyst,"$20,000",Semi,SFT103,
ES1501,Software Specialist,"$15,000",Semi,SFT103,
ISII1502,Software Engineer I,"$20,000",Semi,SFT103,
ISII1503,Software Engineer II,"$20,000",Semi,SFT103,
ISII1504,Software Engineer I,"$17,000",Semi,SFT101,
DSII1505,Software Developer II,"$20,000",Semi,SFT103,
DSII1506,Software Developer II,"$19,000",Semi,SFT103,
ISII1507,Software Engineer II,"$19,000",Semi,SFT101,
ISII1508,Software Engineer I,"$15,000",Semi,SFT101,
DSII1509,Software Developer II,"$16,000",Semi,SFT102,
ES1510,Software Specialist,"$19,000",Semi,SFT102,
DSI1511,Software Developer I,"$16,000",Semi,SFT101,
ASI1512,Software Analyst,"$15,000",Semi,SFT101,
DSII1513,Software Developer II,"$17,000",Semi,SFT101,
ASI1514,Software Analyst,"$15,000",Semi,SFT101,
ISII1515,Software Engineer II,"$15,000",Semi,SFT102,
DSI1516,Software Developer I,"$20,000",Semi,SFT102,
DSI1517,Software Developer I,"$18,000",Semi,SFT103,
DSII1518,Software Developer II,"$17,000",Semi,SFT102,
ISII1519,Software Engineer II,"$17,000",Semi,SFT102,
ISII1520,Software Engineer I,"$15,000",Semi,SFT101,
ES1521,Software Specialist,"$16,000",Semi,SFT103,
DSI1522,Software Developer I,"$15,000",Semi,SFT102,
ASI1523,Software Analyst,"$16,000",Semi,SFT101,
ISII1524,Software Engineer II,"$16,000",Semi,SFT101,
ISII1525,Software Engineer I,"$19,000",Semi,SFT103,
ISII1526,Software Engineer I,"$19,000",Semi,SFT101,
ASI1527,Software Analyst,"$20,000",Semi,SFT101,
DSI1528,Software Developer I,"$18,000",Semi,SFT101,
ISII1529,Software Engineer I,"$15,000",Semi,SFT101,
ISII1530,Software Engineer II,"$15,000",Semi,SFT103,
ASI1531,Software Analyst,"$17,000",Semi,SFT101,
ISII1532,Software Engineer I,"$19,000",Semi,SFT101,
DSI1533,Software Developer I,"$17,000",Semi,SFT101,
DSII1534,Software Developer II,"$20,000",Semi,SFT103,
DSII1535,Software Developer II,"$20,000",Semi,SFT101,
ISII1536,Software Engineer II,"$15,000",Semi,SFT101,
ISII1537,Software Engineer I,"$15,000",Semi,SFT103,
DSII1538,Software Developer II,"$15,000",Semi,SFT102,
DSII1539,Software Developer II,"$16,000",Semi,SFT102,
ASI1540,Software Analyst,"$17,000",Semi,SFT101,
DSI1541,Software Developer I,"$16,000",Semi,SFT102,
ASI1542,Software Analyst,"$15,000",Semi,SFT102,
ASI1543,Software Analyst,"$17,000",Semi,SFT101,
ASI1544,Software Analyst,"$17,000",Semi,SFT103,
DSI1545,Software Developer I,"$19,000",Semi,SFT102,
DSI1546,Software Developer I,"$18,000",Semi,SFT103,
ASI1547,Software Analyst,"$19,000",Semi,SFT102,
ASI1548,Software Analyst,"$16,000",Semi,SFT103,
ISII1549,Software Engineer I,"$18,000",Semi,SFT101,
ES1550,Software Specialist,"$15,000",Semi,SFT103,
ES1551,Software Specialist,"$15,000",Semi,SFT103,
DSII1552,Software Developer II,"$15,000",Semi,SFT102,
ES1553,Software Specialist,"$15,000",Semi,SFT102,
DSI1554,Software Developer I,"$20,000",Semi,SFT103,
ISII1555,Software Engineer II,"$18,000",Semi,SFT102,
ISII1556,Software Engineer II,"$15,000",Semi,SFT101,
DSI1557,Software Developer I,"$20,000",Semi,SFT103,
ASI1558,Software Analyst,"$18,000",Semi,SFT101,
DSII1559,Software Developer II,"$20,000",Semi,SFT103,
ISII1560,Software Engineer I,"$18,000",Semi,SFT103,
ISII1561,Software Engineer II,"$17,000",Semi,SFT103,
ASI1562,Software Analyst,"$18,000",Semi,SFT103,
DSII1563,Software Developer II,"$17,000",Semi,SFT102,
ASI1564,Software Analyst,"$20,000",Semi,SFT103,
ES1565,Software Specialist,"$18,000",Semi,SFT102,
ES1566,Software Specialist,"$16,000",Semi,SFT102,
ES1567,Software Specialist,"$19,000",Semi,SFT103,
ISII1568,Software Engineer I,"$17,000",Semi,SFT103,
ES1569,Software Specialist,"$18,000",Semi,SFT102,
ISII1570,Software Engineer I,"$18,000",Semi,SFT102,
DSII1571,Software Developer II,"$20,000",Semi,SFT101,
ISII1572,Software Engineer II,"$18,000",Semi,SFT102,
ES1573,Software Specialist,"$17,000",Semi,SFT101,
ASI1574,Software Analyst,"$17,000",Semi,SFT103,
ISII1575,Software Engineer II,"$19,000",Semi,SFT102,
ES1576,Software Specialist,"$20,000",Semi,SFT103,
ISII1577,Software Engineer I,"$19,000",Semi,SFT101,
ASI1578,Software Analyst,"$17,000",Semi,SFT102,
ASI1579,Software Analyst,"$16,000",Semi,SFT102,
ISII1580,Software Engineer I,"$17,000",Semi,SFT101,
ISII1581,Software Engineer II,"$15,000",Semi,SFT103,
DSII1582,Software Developer II,"$16,000",Semi,SFT103,
DSI1583,Software Developer I,"$20,000",Semi,SFT102,
ASI1584,Software Analyst,"$16,000",Semi,SFT102,
ISII1585,Software Engineer II,"$17,000",Semi,SFT103,
ASI1586,Software Analyst,"$16,000",Semi,SFT102,
ISII1587,Software Engineer I,"$16,000",Semi,SFT103,
ASI1588,Software Analyst,"$18,000",Semi,SFT101,
DSI1589,Software Developer I,"$19,000",Semi,SFT101,
ES1590,Software Specialist,"$18,000",Semi,SFT101,
DSII1591,Software Developer II,"$15,000",Semi,SFT102,
ISII1592,Software Engineer I,"$20,000",Semi,SFT103,
DSI1593,Software Developer I,"$15,000",Semi,SFT103,
DSI1594,Software Developer I,"$16,000",Semi,SFT102,
ISII1595,Software Engineer I,"$20,000",Semi,SFT102,
ISII1596,Software Engineer I,"$19,000",Semi,SFT103,
ISII1597,Software Engineer II,"$15,000",Semi,SFT103,
ISII1598,Software Engineer I,"$18,000",Semi,SFT101,
DSI1599,Software Developer I,"$20,000",Semi,SFT102,
ISII1600,Software Engineer I,"$17,000",Semi,SFT103,
DSI1601,Software Developer I,"$15,000",Semi,SFT101,
ISII1602,Software Engineer II,"$18,000",Semi,SFT103,
DSI1603,Software Developer I,"$15,000",Semi,SFT103,
DSII1604,Software Developer II,"$17,000",Semi,SFT102,
ISII1605,Software Engineer II,"$15,000",Semi,SFT102,
ISII1606,Software Engineer I,"$16,000",Semi,SFT102,
ISII1607,Software Engineer I,"$20,000",Semi,SFT101,
ES1608,Software Specialist,"$20,000",Semi,SFT102,
DSI1609,Software Developer I,"$16,000",Semi,SFT103,
ISII1610,Software Engineer I,"$18,000",Semi,SFT103,
DSII1611,Software Developer II,"$15,000",Semi,SFT103,
ISII1612,Software Engineer I,"$17,000",Semi,SFT102,
ISII1613,Software Engineer I,"$19,000",Semi,SFT101,
DSII1614,Software Developer II,"$19,000",Semi,SFT102,
DSII1615,Software Developer II,"$18,000",Semi,SFT103,
DSII1616,Software Developer II,"$20,000",Semi,SFT103,
ASI1617,Software Analyst,"$15,000",Semi,SFT102,
ASI1618,Software Analyst,"$17,000",Semi,SFT101,
ISII1619,Software Engineer II,"$18,000",Semi,SFT103,
DSI1620,Software Developer I,"$20,000",Semi,SFT101,
DSII1621,Software Developer II,"$20,000",Semi,SFT103,
DSI1622,Software Developer I,"$16,000",Semi,SFT101,
ASI1623,Software Analyst,"$18,000",Semi,SFT102,
DSII1624,Software Developer II,"$17,000",Semi,SFT102,
ISII1625,Software Engineer II,"$20,000",Semi,SFT102,
DSI1626,Software Developer I,"$16,000",Semi,SFT101,
DSII1627,Software Developer II,"$16,000",Semi,SFT101,
DSI1628,Software Developer I,"$19,000",Semi,SFT101,
ISII1629,Software Engineer II,"$17,000",Semi,SFT103,
ISII1630,Software Engineer II,"$15,000",Semi,SFT101,
DSI1631,Software Developer I,"$18,000",Semi,SFT103,
DSII1632,Software Developer II,"$17,000",Semi,SFT103,
DSII1633,Software Developer II,"$15,000",Semi,SFT102,
ISII1634,Software Engineer II,"$16,000",Semi,SFT102,
ES1635,Software Specialist,"$17,000",Semi,SFT101,
ES1636,Software Specialist,"$17,000",Semi,SFT103,
DSII1637,Software Developer II,"$19,000",Semi,SFT102,
DSII1638,Software Developer II,"$18,000",Semi,SFT103,
ISII1639,Software Engineer I,"$18,000",Semi,SFT103,
ASI1640,Software Analyst,"$19,000",Semi,SFT101,
DSI1641,Software Developer I,"$19,000",Semi,SFT101,
ASI1642,Software Analyst,"$17,000",Semi,SFT102,
ISII1643,Software Engineer II,"$16,000",Semi,SFT102,
DSII1644,Software Developer II,"$19,000",Semi,SFT101,
ES1645,Software Specialist,"$18,000",Semi,SFT103,
DSII1646,Software Developer II,"$15,000",Semi,SFT101,
ISII1647,Software Engineer I,"$19,000",Semi,SFT103,
ISII1648,Software Engineer I,"$20,000",Semi,SFT103,
ES1649,Software Specialist,"$18,000",Semi,SFT101,
DSI1650,Software Developer I,"$19,000",Semi,SFT103,
ISII1651,Software Engineer II,"$19,000",Semi,SFT103,
ISII1652,Software Engineer I,"$16,000",Semi,SFT101,
ISII1653,Software Engineer I,"$16,000",Semi,SFT103,
ASI1654,Software Analyst,"$15,000",Semi,SFT101,
ASI1655,Software Analyst,"$19,000",Semi,SFT101,
DSII1656,Software Developer II,"$20,000",Semi,SFT103,
ISII1657,Software Engineer II,"$20,000",Semi,SFT103,
ES1658,Software Specialist,"$20,000",Semi,SFT102,
DSII1659,Software Developer II,"$16,000",Semi,SFT101,
ISII1660,Software Engineer II,"$18,000",Semi,SFT103,
ISII1661,Software Engineer II,"$18,000",Semi,SFT101,
ES1662,Software Specialist,"$19,000",Semi,SFT103,
ISII1663,Software Engineer II,"$16,000",Semi,SFT103,
DSI1664,Software Developer I,"$18,000",Semi,SFT103,
DSII1665,Software Developer II,"$18,000",Semi,SFT103,
ISII1666,Software Engineer II,"$16,000",Semi,SFT102,
ISII1667,Software Engineer I,"$20,000",Semi,SFT103,
ISII1668,Software Engineer II,"$17,000",Semi,SFT102,
ISII1669,Software Engineer II,"$15,000",Semi,SFT102,
ASI1670,Software Analyst,"$17,000",Semi,SFT101,
DSII1671,Software Developer II,"$20,000",Semi,SFT101,
DSII1672,Software Developer II,"$16,000",Semi,SFT103,
ASI1673,Software Analyst,"$16,000",Semi,SFT101,
ES1674,Software Specialist,"$19,000",Semi,SFT102,
ES1675,Software Specialist,"$19,000",Semi,SFT102,
ES1676,Software Specialist,"$16,000",Semi,SFT103,
ISII1677,Software Engineer I,"$19,000",Semi,SFT101,
ISII1678,Software Engineer II,"$18,000",Semi,SFT101,
ASI1679,Software Analyst,"$20,000",Semi,SFT103,
ISII1680,Software Engineer II,"$20,000",Semi,SFT102,
ES1681,Software Specialist,"$17,000",Semi,SFT101,
DSI1682,Software Developer I,"$20,000",Semi,SFT103,
ISII1683,Software Engineer II,"$17,000",Semi,SFT103,
ISII1684,Software Engineer I,"$15,000",Semi,SFT103,
DSI1685,Software Developer I,"$15,000",Semi,SFT103,
ASI1686,Software Analyst,"$15,000",Semi,SFT102,
ASI1687,Software Analyst,"$16,000",Semi,SFT101,
ES1688,Software Specialist,"$15,000",Semi,SFT102,
ISII1689,Software Engineer I,"$17,000",Semi,SFT103,
ISII1690,Software Engineer II,"$15,000",Semi,SFT103,
DSII1691,Software Developer II,"$18,000",Semi,SFT103,
ISII1692,Software Engineer I,"$19,000",Semi,SFT103,
ISII1693,Software Engineer II,"$15,000",Semi,SFT103,
ISII1694,Software Engineer II,"$17,000",Semi,SFT101,
ISII1695,Software Engineer II,"$18,000",Semi,SFT101,
DSII1696,Software Developer II,"$15,000",Semi,SFT103,
ASI1697,Software Analyst,"$19,000",Semi,SFT102,
ISII1698,Software Engineer II,"$16,000",Semi,SFT101,
ES1699,Software Specialist,"$15,000",Semi,SFT103,
ISII1700,Software Engineer II,"$20,000",Semi,SFT102,
DSII1701,Software Developer II,"$15,000",Semi,SFT103,
ASI1702,Software Analyst,"$18,000",Semi,SFT102,
ASI1703,Software Analyst,"$19,000",Semi,SFT102,
ISII1704,Software Engineer I,"$16,000",Semi,SFT103,
ISII1705,Software Engineer II,"$17,000",Semi,SFT101,
ES1706,Software Specialist,"$17,000",Semi,SFT103,
ISII1707,Software Engineer I,"$15,000",Semi,SFT103,
DSII1708,Software Developer II,"$17,000",Semi,SFT101,
ASI1709,Software Analyst,"$20,000",Semi,SFT103,
ASI1710,Software Analyst,"$16,000",Semi,SFT103,
ISII1711,Software Engineer II,"$17,000",Semi,SFT101,
ES1712,Software Specialist,"$20,000",Semi,SFT103,
DSII1713,Software Developer II,"$17,000",Semi,SFT101,
DSII1714,Software Developer II,"$18,000",Semi,SFT103,
ISII1715,Software Engineer II,"$15,000",Semi,SFT101,
ISII1716,Software Engineer II,"$18,000",Semi,SFT101,
DSII1717,Software Developer II,"$18,000",Semi,SFT102,
DSII1718,Software Developer II,"$20,000",Semi,SFT103,
ISII1719,Software Engineer II,"$15,000",Semi,SFT103,
ASI1720,Software Analyst,"$20,000",Semi,SFT103,
ASI1721,Software Analyst,"$17,000",Semi,SFT103,
ISII1722,Software Engineer I,"$16,000",Semi,SFT101,
DSII1723,Software Developer II,"$17,000",Semi,SFT103,
ES1724,Software Specialist,"$17,000",Semi,SFT101,
DSII1725,Software Developer II,"$19,000",Semi,SFT103,
ISII1726,Software Engineer I,"$16,000",Semi,SFT101,
DSI1727,Software Developer I,"$18,000",Semi,SFT102,
DSI1728,Software Developer I,"$18,000",Semi,SFT102,
ES1729,Software Specialist,"$20,000",Semi,SFT101,
ISII1730,Software Engineer II,"$19,000",Semi,SFT103,
ASI1731,Software Analyst,"$20,000",Semi,SFT101,
ES1732,Software Specialist,"$20,000",Semi,SFT101,
DSII1733,Software Developer II,"$17,000",Semi,SFT101,
DSII1734,Software Developer II,"$20,000",Semi,SFT103,
DSII1735,Software Developer II,"$18,000",Semi,SFT102,
DSII1736,Software Developer II,"$19,000",Semi,SFT103,
DSII1737,Software Developer II,"$20,000",Semi,SFT103,
DSI1738,Software Developer I,"$20,000",Semi,SFT102,
DSI1739,Software Developer I,"$20,000",Semi,SFT103,
ISII1740,Software Engineer II,"$15,000",Semi,SFT102,
ASI1741,Software Analyst,"$15,000",Semi,SFT103,
ASI1742,Software Analyst,"$17,000",Semi,SFT101,
DSII1743,Software Developer II,"$17,000",Semi,SFT102,
ES1744,Software Specialist,"$18,000",Semi,SFT103,
DSI1745,Software Developer I,"$20,000",Semi,SFT101,
ASI1746,Software Analyst,"$19,000",Semi,SFT101,
ES1747,Software Specialist,"$19,000",Semi,SFT103,
ISII1748,Software Engineer I,"$18,000",Semi,SFT101,
ISII1749,Software Engineer I,"$20,000",Semi,SFT101,
DSI1750,Software Developer I,"$19,000",Semi,SFT102,
ISII1751,Software Engineer I,"$16,000",Semi,SFT103,
ISII1752,Software Engineer I,"$20,000",Semi,SFT103,
ES1753,Software Specialist,"$16,000",Semi,SFT101,
DSI1754,Software Developer I,"$15,000",Semi,SFT102,
ISII1755,Software Engineer I,"$18,000",Semi,SFT103,
DSII1756,Software Developer II,"$18,000",Semi,SFT103,
DSI1757,Software Developer I,"$15,000",Semi,SFT103,
ES1758,Software Specialist,"$17,000",Semi,SFT102,
ES1759,Software Specialist,"$15,000",Semi,SFT103,
ES1760,Software Specialist,"$20,000",Semi,SFT102,
ES1761,Software Specialist,"$18,000",Semi,SFT103,
ES1762,Software Specialist,"$15,000",Semi,SFT103,
ASI1763,Software Analyst,"$18,000",Semi,SFT102,
ES1764,Software Specialist,"$20,000",Semi,SFT102,
DSI1765,Software Developer I,"$16,000",Semi,SFT101,
DSII1766,Software Developer II,"$17,000",Semi,SFT103,
ES1767,Software Specialist,"$16,000",Semi,SFT103,
ASI1768,Software Analyst,"$17,000",Semi,SFT102,
ISII1769,Software Engineer II,"$19,000",Semi,SFT102,
ES1770,Software Specialist,"$15,000",Semi,SFT103,
DSI1771,Software Developer I,"$18,000",Semi,SFT102,
DSI1772,Software Developer I,"$17,000",Semi,SFT103,
ES1773,Software Specialist,"$20,000",Semi,SFT101,
ASI1774,Software Analyst,"$20,000",Semi,SFT103,
ISII1775,Software Engineer II,"$16,000",Semi,SFT103,
ISII1776,Software Engineer I,"$15,000",Semi,SFT103,
DSII1777,Software Developer II,"$16,000",Semi,SFT102,
ASI1778,Software Analyst,"$18,000",Semi,SFT103,
DSII1779,Software Developer II,"$20,000",Semi,SFT102,
ISII1780,Software Engineer II,"$19,000",Semi,SFT102,
ES1781,Software Specialist,"$19,000",Semi,SFT102,
ISII1782,Software Engineer II,"$19,000",Semi,SFT102,
DSI1783,Software Developer I,"$18,000",Semi,SFT102,
ISII1784,Software Engineer I,"$19,000",Semi,SFT103,
DSI1785,Software Developer I,"$15,000",Semi,SFT101,
ISII1786,Software Engineer II,"$20,000",Semi,SFT101,
ISII1787,Software Engineer I,"$18,000",Semi,SFT103,
ASI1788,Software Analyst,"$17,000",Semi,SFT103,
ES1789,Software Specialist,"$20,000",Semi,SFT103,
ISII1790,Software Engineer I,"$18,000",Semi,SFT102,
DSI1791,Software Developer I,"$18,000",Semi,SFT103,
ISII1792,Software Engineer II,"$15,000",Semi,SFT102,
ISII1793,Software Engineer I,"$20,000",Semi,SFT101,
ES1794,Software Specialist,"$16,000",Semi,SFT103,
ASI1795,Software Analyst,"$15,000",Semi,SFT103,
ISII1796,Software Engineer I,"$15,000",Semi,SFT103,
ISII1797,Software Engineer II,"$20,000",Semi,SFT101,
ES1798,Software Specialist,"$17,000",Semi,SFT101,
DSII1799,Software Developer II,"$19,000",Semi,SFT101,
ES1800,Software Specialist,"$19,000",Semi,SFT103,
DSII1801,Software Developer II,"$16,000",Semi,SFT101,
ES1802,Software Specialist,"$19,000",Semi,SFT101,
ISII1803,Software Engineer I,"$19,000",Semi,SFT103,
DSI1804,Software Developer I,"$15,000",Semi,SFT101,
ASI1805,Software Analyst,"$18,000",Semi,SFT103,
ISII1806,Software Engineer I,"$15,000",Semi,SFT101,
ISII1807,Software Engineer I,"$20,000",Semi,SFT102,
ISII1808,Software Engineer II,"$20,000",Semi,SFT102,
ES1809,Software Specialist,"$17,000",Semi,SFT102,
DSII1810,Software Developer II,"$20,000",Semi,SFT101,
ES1811,Software Specialist,"$15,000",Semi,SFT101,
ES1812,Software Specialist,"$19,000",Semi,SFT103,
DSII1813,Software Developer II,"$16,000",Semi,SFT103,
ISII1814,Software Engineer I,"$19,000",Semi,SFT102,
ES1815,Software Specialist,"$16,000",Semi,SFT103,
ASI1816,Software Analyst,"$18,000",Semi,SFT103,
ISII1817,Software Engineer II,"$17,000",Semi,SFT103,
ISII1818,Software Engineer II,"$20,000",Semi,SFT101,
DSII1819,Software Developer II,"$16,000",Semi,SFT103,
ES1820,Software Specialist,"$19,000",Semi,SFT102,
DSI1821,Software Developer I,"$20,000",Semi,SFT101,
ASI1822,Software Analyst,"$20,000",Semi,SFT101,
ES1823,Software Specialist,"$18,000",Semi,SFT102,
ASI1824,Software Analyst,"$15,000",Semi,SFT102,
ES1825,Software Specialist,"$17,000",Semi,SFT102,
ES1826,Software Specialist,"$19,000",Semi,SFT101,
DSI1827,Software Developer I,"$18,000",Semi,SFT102,
ASI1828,Software Analyst,"$20,000",Semi,SFT102,
DSII1829,Software Developer II,"$20,000",Semi,SFT103,
ISII1830,Software Engineer I,"$20,000",Semi,SFT103,
DSII1831,Software Developer II,"$17,000",Semi,SFT102,
ES1832,Software Specialist,"$19,000",Semi,SFT101,
ISII1833,Software Engineer II,"$15,000",Semi,SFT101,
DSI1834,Software Developer I,"$18,000",Semi,SFT103,
ES1835,Software Specialist,"$20,000",Semi,SFT102,
ES1836,Software Specialist,"$19,000",Semi,SFT102,
ASI1837,Software Analyst,"$15,000",Semi,SFT101,
DSI1838,Software Developer I,"$15,000",Semi,SFT102,
DSI1839,Software Developer I,"$20,000",Semi,SFT101,
ES1840,Software Specialist,"$17,000",Semi,SFT102,
DSII1841,Software Developer II,"$15,000",Semi,SFT102,
ES1842,Software Specialist,"$20,000",Semi,SFT102,
ASI1843,Software Analyst,"$18,000",Semi,SFT101,
ES1844,Software Specialist,"$15,000",Semi,SFT102,
DSI1845,Software Developer I,"$18,000",Semi,SFT102,
ISII1846,Software Engineer II,"$16,000",Semi,SFT103,
DSII1847,Software Developer II,"$17,000",Semi,SFT101,
DSII1848,Software Developer II,"$15,000",Semi,SFT103,
ISII1849,Software Engineer I,"$15,000",Semi,SFT102,
ISII1850,Software Engineer II,"$17,000",Semi,SFT102,
DSII1851,Software Developer II,"$20,000",Semi,SFT103,
ES1852,Software Specialist,"$16,000",Semi,SFT101,
ES1853,Software Specialist,"$16,000",Semi,SFT102,
ISII1854,Software Engineer II,"$18,000",Semi,SFT103,
ASI1855,Software Analyst,"$18,000",Semi,SFT101,
ISII1856,Software Engineer II,"$15,000",Semi,SFT101,
ES1857,Software Specialist,"$18,000",Semi,SFT101,
ISII1858,Software Engineer II,"$20,000",Semi,SFT103,
ES1859,Software Specialist,"$20,000",Semi,SFT101,
ISII1860,Software Engineer I,"$20,000",Semi,SFT103,
ISII1861,Software Engineer I,"$17,000",Semi,SFT101,
ES1862,Software Specialist,"$16,000",Semi,SFT102,
DSI1863,Software Developer I,"$20,000",Semi,SFT102,
ISII1864,Software Engineer I,"$18,000",Semi,SFT103,
ISII1865,Software Engineer II,"$16,000",Semi,SFT102,
ES1866,Software Specialist,"$16,000",Semi,SFT102,
ISII1867,Software Engineer I,"$19,000",Semi,SFT101,
ISII1868,Software Engineer II,"$19,000",Semi,SFT103,
ISII1869,Software Engineer I,"$20,000",Semi,SFT103,
DSI1870,Software Developer I,"$17,000",Semi,SFT101,
ES1871,Software Specialist,"$20,000",Semi,SFT101,
ISII1872,Software Engineer I,"$19,000",Semi,SFT102,
ISII1873,Software Engineer I,"$20,000",Semi,SFT102,
ASI1874,Software Analyst,"$17,000",Semi,SFT101,
ASI1875,Software Analyst,"$19,000",Semi,SFT102,
DSI1876,Software Developer I,"$20,000",Semi,SFT101,
ASI1877,Software Analyst,"$16,000",Semi,SFT103,
ISII1878,Software Engineer I,"$15,000",Semi,SFT101,
DSII1879,Software Developer II,"$20,000",Semi,SFT101,
ES1880,Software Specialist,"$19,000",Semi,SFT101,
DSI1881,Software Developer I,"$20,000",Semi,SFT102,
ES1882,Software Specialist,"$20,000",Semi,SFT103,
ASI1883,Software Analyst,"$18,000",Semi,SFT102,
DSI1884,Software Developer I,"$19,000",Semi,SFT102,
DSI1885,Software Developer I,"$19,000",Semi,SFT103,
DSI1886,Software Developer I,"$17,000",Semi,SFT102,
ISII1887,Software Engineer I,"$19,000",Semi,SFT103,
DSII1888,Software Developer II,"$17,000",Semi,SFT103,
DSI1889,Software Developer I,"$16,000",Semi,SFT101,
DSII1890,Software Developer II,"$20,000",Semi,SFT102,
DSI1891,Software Developer I,"$19,000",Semi,SFT103,
DSII1892,Software Developer II,"$15,000",Semi,SFT101,
ES1893,Software Specialist,"$18,000",Semi,SFT103,
ISII1894,Software Engineer I,"$20,000",Semi,SFT101,
ASI1895,Software Analyst,"$20,000",Semi,SFT102,
ES1896,Software Specialist,"$20,000",Semi,SFT103,
ES1897,Software Specialist,"$15,000",Semi,SFT102,
ASI1898,Software Analyst,"$18,000",Semi,SFT102,
ASI1899,Software Analyst,"$17,000",Semi,SFT103,
ISII1900,Software Engineer I,"$15,000",Semi,SFT102,
DSII1901,Software Developer II,"$19,000",Semi,SFT102,
ES1902,Software Specialist,"$15,000",Semi,SFT102,
ASI1903,Software Analyst,"$18,000",Semi,SFT101,
DSII1904,Software Developer II,"$17,000",Semi,SFT101,
ASI1905,Software Analyst,"$15,000",Semi,SFT101,
ES1906,Software Specialist,"$20,000",Semi,SFT102,
ASI1907,Software Analyst,"$19,000",Semi,SFT102,
DSI1908,Software Developer I,"$18,000",Semi,SFT103,
ISII1909,Software Engineer I,"$17,000",Semi,SFT103,
DSI1910,Software Developer I,"$18,000",Semi,SFT103,
ASI1911,Software Analyst,"$15,000",Semi,SFT101,
ES1912,Software Specialist,"$18,000",Semi,SFT103,
ASI1913,Software Analyst,"$20,000",Semi,SFT102,
ASI1914,Software Analyst,"$16,000",Semi,SFT101,
DSII1915,Software Developer II,"$20,000",Semi,SFT103,
DSII1916,Software Developer II,"$18,000",Semi,SFT102,
DSI1917,Software Developer I,"$18,000",Semi,SFT101,
ISII1918,Software Engineer II,"$15,000",Semi,SFT102,
DSI1919,Software Developer I,"$15,000",Semi,SFT102,
ISII1920,Software Engineer II,"$16,000",Semi,SFT102,
DSII1921,Software Developer II,"$19,000",Semi,SFT102,
DSII1922,Software Developer II,"$20,000",Semi,SFT103,
ASI1923,Software Analyst,"$20,000",Semi,SFT102,
ASI1924,Software Analyst,"$19,000",Semi,SFT101,
ISII1925,Software Engineer II,"$18,000",Semi,SFT102,
DSI1926,Software Developer I,"$20,000",Semi,SFT102,
ISII1927,Software Engineer I,"$15,000",Semi,SFT102,
ISII1928,Software Engineer II,"$17,000",Semi,SFT101,
DSI1929,Software Developer I,"$16,000",Semi,SFT103,
DSI1930,Software Developer I,"$18,000",Semi,SFT102,
ISII1931,Software Engineer II,"$16,000",Semi,SFT101,
ISII1932,Software Engineer I,"$17,000",Semi,SFT102,
ES1933,Software Specialist,"$16,000",Semi,SFT101,
DSI1934,Software Developer I,"$19,000",Semi,SFT102,
ASI1935,Software Analyst,"$16,000",Semi,SFT102,
DSI1936,Software Developer I,"$15,000",Semi,SFT101,
ASI1937,Software Analyst,"$20,000",Semi,SFT102,
DSI1938,Software Developer I,"$15,000",Semi,SFT103,
DSII1939,Software Developer II,"$20,000",Semi,SFT101,
ASI1940,Software Analyst,"$17,000",Semi,SFT101,
DSII1941,Software Developer II,"$18,000",Semi,SFT102,
ES1942,Software Specialist,"$15,000",Semi,SFT102,
ISII1943,Software Engineer II,"$15,000",Semi,SFT103,
ES1944,Software Specialist,"$15,000",Semi,SFT102,
DSII1945,Software Developer II,"$20,000",Semi,SFT103,
ASI1946,Software Analyst,"$16,000",Semi,SFT103,
ISII1947,Software Engineer I,"$18,000",Semi,SFT103,
DSI1948,Software Developer I,"$15,000",Semi,SFT102,
DSII1949,Software Developer II,"$15,000",Semi,SFT101,
ISII1950,Software Engineer I,"$20,000",Semi,SFT101,
DSI1951,Software Developer I,"$19,000",Semi,SFT103,
ISII1952,Software Engineer II,"$16,000",Semi,SFT103,
ES1953,Software Specialist,"$19,000",Semi,SFT102,
DSI1954,Software Developer I,"$20,000",Semi,SFT102,
DSII1955,Software Developer II,"$20,000",Semi,SFT101,
ASI1956,Software Analyst,"$16,000",Semi,SFT102,
DSII1957,Software Developer II,"$20,000",Semi,SFT103,
ES1958,Software Specialist,"$18,000",Semi,SFT101,
ASI1959,Software Analyst,"$15,000",Semi,SFT103,
ISII1960,Software Engineer II,"$15,000",Semi,SFT102,
DSI1961,Software Developer I,"$20,000",Semi,SFT103,
ES1962,Software Specialist,"$17,000",Semi,SFT103,
ISII1963,Software Engineer I,"$19,000",Semi,SFT103,
ISII1964,Software Engineer I,"$17,000",Semi,SFT101,
DSII1965,Software Developer II,"$17,000",Semi,SFT101,
DSI1966,Software Developer I,"$18,000",Semi,SFT103,
ISII1967,Software Engineer I,"$16,000",Semi,SFT101,
ES1968,Software Specialist,"$18,000",Semi,SFT102,
ES1969,Software Specialist,"$18,000",Semi,SFT101,
ISII1970,Software Engineer II,"$18,000",Semi,SFT101,
ISII1971,Software Engineer I,"$16,000",Semi,SFT103,
ISII1972,Software Engineer I,"$16,000",Semi,SFT102,
ES1973,Software Specialist,"$16,000",Semi,SFT103,
ES1974,Software Specialist,"$15,000",Semi,SFT103,
ASI1975,Software Analyst,"$15,000",Semi,SFT103,
ISII1976,Software Engineer I,"$17,000",Semi,SFT101,
ISII1977,Software Engineer I,"$15,000",Semi,SFT101,
DSII1978,Software Developer II,"$15,000",Semi,SFT102,
DSI1979,Software Developer I,"$20,000",Semi,SFT101,
DSII1980,Software Developer II,"$17,000",Semi,SFT101,
ISII1981,Software Engineer II,"$16,000",Semi,SFT103,
DSI1982,Software Developer I,"$20,000",Semi,SFT101,
DSI1983,Software Developer I,"$19,000",Semi,SFT101,
ISII1984,Software Engineer I,"$18,000",Semi,SFT102,
DSII1985,Software Developer II,"$17,000",Semi,SFT101,
ISII1986,Software Engineer II,"$18,000",Semi,SFT103,
ASI1987,Software Analyst,"$20,000",Semi,SFT101,
DSI1988,Software Developer I,"$17,000",Semi,SFT103,
ISII1989,Software Engineer I,"$15,000",Semi,SFT103,
ISII1990,Software Engineer II,"$15,000",Semi,SFT103,
DSI1991,Software Developer I,"$19,000",Semi,SFT102,
ISII1992,Software Engineer I,"$17,000",Semi,SFT103,
DSII1993,Software Developer II,"$20,000",Semi,SFT103,
ASI1994,Software Analyst,"$18,000",Semi,SFT102,
DSI1995,Software Developer I,"$15,000",Semi,SFT102,
DSII1996,Software Developer II,"$17,000",Semi,SFT102,
DSII1997,Software Developer II,"$17,000",Semi,SFT102,
DSII1998,Software Developer II,"$15,000",Semi,SFT101,
ASI1999,Software Analyst,"$18,000",Semi,SFT103,
DSII2000,Software Developer II,"$15,000",Semi,SFT103,
DSII2001,Software Developer II,"$15,000",Semi,SFT102,
ISII2002,Software Engineer II,"$17,000",Semi,SFT103,
ES2003,Software Specialist,"$18,000",Semi,SFT103,
ISII2004,Software Engineer II,"$18,000",Semi,SFT102,
DSI2005,Software Developer I,"$20,000",Semi,SFT101,
ISII2006,Software Engineer II,"$20,000",Semi,SFT101,
ES2007,Software Specialist,"$16,000",Semi,SFT102,
ES2008,Software Specialist,"$15,000",Semi,SFT101,
DSI2009,Software Developer I,"$20,000",Semi,SFT103,
ASI2010,Software Analyst,"$18,000",Semi,SFT101,
DSI2011,Software Developer I,"$18,000",Semi,SFT102,
ES2012,Software Specialist,"$19,000",Semi,SFT102,
DSI2013,Software Developer I,"$17,000",Semi,SFT103,
ES2014,Software Specialist,"$18,000",Semi,SFT102,
DSI2015,Software Developer I,"$18,000",Semi,SFT102,
ISII2016,Software Engineer II,"$17,000",Semi,SFT102,
ASI2017,Software Analyst,"$16,000",Semi,SFT101,
ISII2018,Software Engineer II,"$17,000",Semi,SFT103,
DSII2019,Software Developer II,"$17,000",Semi,SFT102,
ASI2020,Software Analyst,"$18,000",Semi,SFT103,
ISII2021,Software Engineer I,"$16,000",Semi,SFT103,
ES2022,Software Specialist,"$18,000",Semi,SFT102,
ISII2023,Software Engineer I,"$16,000",Semi,SFT103,
ES2024,Software Specialist,"$15,000",Semi,SFT103,
ES2025,Software Specialist,"$18,000",Semi,SFT102,
ASI2026,Software Analyst,"$20,000",Semi,SFT103,
ISII2027,Software Engineer II,"$16,000",Semi,SFT102,
ISII2028,Software Engineer II,"$15,000",Semi,SFT103,
DSI2029,Software Developer I,"$18,000",Semi,SFT102,
ES2030,Software Specialist,"$15,000",Semi,SFT103,
ASI2031,Software Analyst,"$17,000",Semi,SFT103,
DSI2032,Software Developer I,"$16,000",Semi,SFT103,
DSI2033,Software Developer I,"$15,000",Semi,SFT103,
DSII2034,Software Developer II,"$19,000",Semi,SFT102,
ASI2035,Software Analyst,"$20,000",Semi,SFT101,
ES2036,Software Specialist,"$18,000",Semi,SFT101,
DSI2037,Software Developer I,"$15,000",Semi,SFT103,
ISII2038,Software Engineer II,"$15,000",Semi,SFT102,
ASI2039,Software Analyst,"$16,000",Semi,SFT103,
ASI2040,Software Analyst,"$19,000",Semi,SFT101,
ASI2041,Software Analyst,"$19,000",Semi,SFT103,
ISII2042,Software Engineer II,"$15,000",Semi,SFT102,
DSII2043,Software Developer II,"$20,000",Semi,SFT103,
ES2044,Software Specialist,"$20,000",Semi,SFT102,
ASI2045,Software Analyst,"$16,000",Semi,SFT102,
ASI2046,Software Analyst,"$16,000",Semi,SFT102,
ASI2047,Software Analyst,"$19,000",Semi,SFT103,
ASI2048,Software Analyst,"$16,000",Semi,SFT101,
ASI2049,Software Analyst,"$17,000",Semi,SFT102,
ASI2050,Software Analyst,"$18,000",Semi,SFT103,
DSI2051,Software Developer I,"$20,000",Semi,SFT103,
DSI2052,Software Developer I,"$16,000",Semi,SFT102,
ASI2053,Software Analyst,"$20,000",Semi,SFT102,
ISII2054,Software Engineer II,"$15,000",Semi,SFT101,
DSI2055,Software Developer I,"$17,000",Semi,SFT101,
ES2056,Software Specialist,"$18,000",Semi,SFT102,
ES2057,Software Specialist,"$20,000",Semi,SFT103,
DSII2058,Software Developer II,"$17,000",Semi,SFT102,
ISII2059,Software Engineer II,"$16,000",Semi,SFT101,
DSII2060,Software Developer II,"$18,000",Semi,SFT102,
ISII2061,Software Engineer I,"$15,000",Semi,SFT102,
DSII2062,Software Developer II,"$18,000",Semi,SFT102,
ISII2063,Software Engineer II,"$18,000",Semi,SFT103,
DSII2064,Software Developer II,"$18,000",Semi,SFT101,
ES2065,Software Specialist,"$15,000",Semi,SFT102,
ISII2066,Software Engineer II,"$16,000",Semi,SFT102,
ISII2067,Software Engineer II,"$17,000",Semi,SFT102,
DSII2068,Software Developer II,"$15,000",Semi,SFT102,
ISII2069,Software Engineer I,"$16,000",Semi,SFT101,
ISII2070,Software Engineer II,"$18,000",Semi,SFT102,
DSII2071,Software Developer II,"$19,000",Semi,SFT103,
ES2072,Software Specialist,"$20,000",Semi,SFT101,
ISII2073,Software Engineer I,"$19,000",Semi,SFT103,
ES2074,Software Specialist,"$16,000",Semi,SFT101,
ASI2075,Software Analyst,"$16,000",Semi,SFT101,
ASI2076,Software Analyst,"$18,000",Semi,SFT103,
ISII2077,Software Engineer I,"$19,000",Semi,SFT102,
ISII2078,Software Engineer II,"$15,000",Semi,SFT101,
ES2079,Software Specialist,"$20,000",Semi,SFT102,
ASI2080,Software Analyst,"$16,000",Semi,SFT102,
ASI2081,Software Analyst,"$20,000",Semi,SFT101,
DSI2082,Software Developer I,"$15,000",Semi,SFT103,
ISII2083,Software Engineer I,"$15,000",Semi,SFT102,
ES2084,Software Specialist,"$16,000",Semi,SFT101,
ISII2085,Software Engineer I,"$20,000",Semi,SFT102,
ES2086,Software Specialist,"$20,000",Semi,SFT101,
DSII2087,Software Developer II,"$19,000",Semi,SFT102,
DSI2088,Software Developer I,"$15,000",Semi,SFT102,
DSII2089,Software Developer II,"$19,000",Semi,SFT102,
ES2090,Software Specialist,"$16,000",Semi,SFT103,
ISII2091,Software Engineer I,"$18,000",Semi,SFT102,
DSI2092,Software Developer I,"$16,000",Semi,SFT101,
DSII2093,Software Developer II,"$18,000",Semi,SFT102,
ASI2094,Software Analyst,"$20,000",Semi,SFT103,
DSI2095,Software Developer I,"$18,000",Semi,SFT102,
ASI2096,Software Analyst,"$20,000",Semi,SFT103,
ASI2097,Software Analyst,"$20,000",Semi,SFT102,
ASI2098,Software Analyst,"$16,000",Semi,SFT101,
ASI2099,Software Analyst,"$19,000",Semi,SFT101,
ISII2100,Software Engineer I,"$18,000",Semi,SFT102,
DSII2101,Software Developer II,"$16,000",Semi,SFT103,
DSII2102,Software Developer II,"$15,000",Semi,SFT101,
ES2103,Software Specialist,"$19,000",Semi,SFT102,
DSI2104,Software Developer I,"$17,000",Semi,SFT101,
DSI2105,Software Developer I,"$20,000",Semi,SFT102,
ISII2106,Software Engineer I,"$19,000",Semi,SFT102,
ES2107,Software Specialist,"$16,000",Semi,SFT102,
ISII2108,Software Engineer I,"$17,000",Semi,SFT101,
ISII2109,Software Engineer II,"$15,000",Semi,SFT101,
ES2110,Software Specialist,"$16,000",Semi,SFT103,
ASI2111,Software Analyst,"$20,000",Semi,SFT103,
ES2112,Software Specialist,"$18,000",Semi,SFT101,
ES2113,Software Specialist,"$18,000",Semi,SFT102,
DSI2114,Software Developer I,"$20,000",Semi,SFT101,
ES2115,Software Specialist,"$20,000",Semi,SFT101,
DSII2116,Software Developer II,"$15,000",Semi,SFT102,
ISII2117,Software Engineer I,"$17,000",Semi,SFT102,
ISII2118,Software Engineer I,"$20,000",Semi,SFT102,
DSI2119,Software Developer I,"$16,000",Semi,SFT102,
ISII2120,Software Engineer I,"$20,000",Semi,SFT101,
ES2121,Software Specialist,"$16,000",Semi,SFT101,
DSII2122,Software Developer II,"$17,000",Semi,SFT101,
ISII2123,Software Engineer I,"$19,000",Semi,SFT102,
DSI2124,Software Developer I,"$17,000",Semi,SFT102,
DSI2125,Software Developer I,"$19,000",Semi,SFT101,
ISII2126,Software Engineer II,"$16,000",Semi,SFT102,
ISII2127,Software Engineer I,"$18,000",Semi,SFT103,
ASI2128,Software Analyst,"$16,000",Semi,SFT103,
ES2129,Software Specialist,"$15,000",Semi,SFT103,
DSII2130,Software Developer II,"$17,000",Semi,SFT102,
ISII2131,Software Engineer I,"$17,000",Semi,SFT102,
DSI2132,Software Developer I,"$17,000",Semi,SFT101,
DSI2133,Software Developer I,"$18,000",Semi,SFT103,
DSII2134,Software Developer II,"$17,000",Semi,SFT103,
ISII2135,Software Engineer II,"$20,000",Semi,SFT101,
ASI2136,Software Analyst,"$20,000",Semi,SFT102,
ES2137,Software Specialist,"$17,000",Semi,SFT101,
DSI2138,Software Developer I,"$18,000",Semi,SFT103,
ISII2139,Software Engineer II,"$20,000",Semi,SFT103,
DSI2140,Software Developer I,"$17,000",Semi,SFT102,
ASI2141,Software Analyst,"$15,000",Semi,SFT102,
ISII2142,Software Engineer II,"$19,000",Semi,SFT101,
ES2143,Software Specialist,"$20,000",Semi,SFT101,
DSII2144,Software Developer II,"$15,000",Semi,SFT102,
ASI2145,Software Analyst,"$17,000",Semi,SFT101,
ASI2146,Software Analyst,"$18,000",Semi,SFT102,
ISII2147,Software Engineer II,"$19,000",Semi,SFT102,
DSI2148,Software Developer I,"$15,000",Semi,SFT101,
ISII2149,Software Engineer I,"$18,000",Semi,SFT101,
ASI2150,Software Analyst,"$13,000",Junior,SFT101,
ES2151,Software Specialist,"$11,000",Junior,SFT102,
DSI2152,Software Developer I,"$10,000",Junior,SFT102,
ISII2153,Software Engineer II,"$10,000",Junior,SFT101,
ISII2154,Software Engineer II,"$13,000",Junior,SFT103,
ISII2155,Software Engineer II,"$10,000",Junior,SFT101,
DSI2156,Software Developer I,"$6,000",Junior,SFT101,
ASI2157,Software Analyst,"$12,000",Junior,SFT101,
DSII2158,Software Developer II,"$11,000",Junior,SFT101,
DSII2159,Software Developer II,"$13,000",Junior,SFT103,
DSI2160,Software Developer I,"$10,000",Junior,SFT101,
ISII2161,Software Engineer II,"$11,000",Junior,SFT103,
ES2162,Software Specialist,"$7,000",Junior,SFT102,
DSI2163,Software Developer I,"$10,000",Junior,SFT102,
ISII2164,Software Engineer I,"$8,000",Junior,SFT102,
ISII2165,Software Engineer I,"$7,000",Junior,SFT101,
ISII2166,Software Engineer I,"$7,000",Junior,SFT102,
ASI2167,Software Analyst,"$13,000",Junior,SFT103,
ISII2168,Software Engineer II,"$10,000",Junior,SFT101,
ES2169,Software Specialist,"$7,000",Junior,SFT103,
ASI2170,Software Analyst,"$11,000",Junior,SFT102,
ISII2171,Software Engineer I,"$8,000",Junior,SFT102,
ASI2172,Software Analyst,"$10,000",Junior,SFT103,
ISII2173,Software Engineer II,"$6,000",Junior,SFT102,
DSII2174,Software Developer II,"$9,000",Junior,SFT102,
ISII2175,Software Engineer I,"$8,000",Junior,SFT101,
DSII2176,Software Developer II,"$8,000",Junior,SFT101,
ISII2177,Software Engineer II,"$10,000",Junior,SFT102,
ES2178,Software Specialist,"$6,000",Junior,SFT103,
DSII2179,Software Developer II,"$13,000",Junior,SFT101,
DSI2180,Software Developer I,"$7,000",Junior,SFT103,
ES2181,Software Specialist,"$13,000",Junior,SFT102,
ES2182,Software Specialist,"$8,000",Junior,SFT103,
DSII2183,Software Developer II,"$10,000",Junior,SFT102,
DSI2184,Software Developer I,"$12,000",Junior,SFT101,
ISII2185,Software Engineer I,"$10,000",Junior,SFT102,
ASI2186,Software Analyst,"$7,000",Junior,SFT102,
ISII2187,Software Engineer II,"$7,000",Junior,SFT101,
ASI2188,Software Analyst,"$11,000",Junior,SFT101,
DSI2189,Software Developer I,"$13,000",Junior,SFT101,
DSI2190,Software Developer I,"$11,000",Junior,SFT103,
DSII2191,Software Developer II,"$8,000",Junior,SFT103,
ASI2192,Software Analyst,"$8,000",Junior,SFT102,
ISII2193,Software Engineer II,"$7,000",Junior,SFT103,
ASI2194,Software Analyst,"$11,000",Junior,SFT101,
ISII2195,Software Engineer I,"$10,000",Junior,SFT102,
ES2196,Software Specialist,"$13,000",Junior,SFT102,
DSI2197,Software Developer I,"$6,000",Junior,SFT103,
DSII2198,Software Developer II,"$13,000",Junior,SFT103,
ASI2199,Software Analyst,"$13,000",Junior,SFT102,
DSI2200,Software Developer I,"$7,000",Junior,SFT102,
ES2201,Software Specialist,"$12,000",Junior,SFT103,
ASI2202,Software Analyst,"$13,000",Junior,SFT101,
ISII2203,Software Engineer I,"$12,000",Junior,SFT101,
ES2204,Software Specialist,"$6,000",Junior,SFT102,
ES2205,Software Specialist,"$13,000",Junior,SFT103,
DSII2206,Software Developer II,"$12,000",Junior,SFT101,
ES2207,Software Specialist,"$13,000",Junior,SFT103,
DSII2208,Software Developer II,"$9,000",Junior,SFT102,
ISII2209,Software Engineer II,"$10,000",Junior,SFT103,
DSI2210,Software Developer I,"$9,000",Junior,SFT103,
ISII2211,Software Engineer II,"$7,000",Junior,SFT101,
DSII2212,Software Developer II,"$7,000",Junior,SFT102,
ISII2213,Software Engineer II,"$10,000",Junior,SFT103,
ASI2214,Software Analyst,"$11,000",Junior,SFT102,
ISII2215,Software Engineer I,"$8,000",Junior,SFT102,
DSII2216,Software Developer II,"$11,000",Junior,SFT101,
ISII2217,Software Engineer I,"$6,000",Junior,SFT102,
ASI2218,Software Analyst,"$6,000",Junior,SFT103,
DSII2219,Software Developer II,"$13,000",Junior,SFT101,
ASI2220,Software Analyst,"$9,000",Junior,SFT103,
ISII2221,Software Engineer II,"$13,000",Junior,SFT102,
ISII2222,Software Engineer II,"$7,000",Junior,SFT102,
ES2223,Software Specialist,"$7,000",Junior,SFT102,
ISII2224,Software Engineer I,"$13,000",Junior,SFT103,
ASI2225,Software Analyst,"$8,000",Junior,SFT101,
ISII2226,Software Engineer I,"$13,000",Junior,SFT101,
ASI2227,Software Analyst,"$7,000",Junior,SFT101,
ASI2228,Software Analyst,"$10,000",Junior,SFT102,
ES2229,Software Specialist,"$11,000",Junior,SFT102,
DSI2230,Software Developer I,"$10,000",Junior,SFT101,
ASI2231,Software Analyst,"$10,000",Junior,SFT102,
DSI2232,Software Developer I,"$13,000",Junior,SFT103,
ISII2233,Software Engineer I,"$12,000",Junior,SFT103,
DSI2234,Software Developer I,"$6,000",Junior,SFT103,
ISII2235,Software Engineer I,"$13,000",Junior,SFT102,
ISII2236,Software Engineer II,"$6,000",Junior,SFT102,
ISII2237,Software Engineer I,"$8,000",Junior,SFT101,
DSI2238,Software Developer I,"$10,000",Junior,SFT102,
ISII2239,Software Engineer II,"$7,000",Junior,SFT101,
DSI2240,Software Developer I,"$8,000",Junior,SFT102,
ISII2241,Software Engineer II,"$11,000",Junior,SFT101,
ISII2242,Software Engineer I,"$8,000",Junior,SFT101,
ISII2243,Software Engineer I,"$7,000",Junior,SFT101,
ISII2244,Software Engineer I,"$12,000",Junior,SFT103,
ISII2245,Software Engineer II,"$11,000",Junior,SFT102,
ISII2246,Software Engineer II,"$10,000",Junior,SFT102,
ISII2247,Software Engineer II,"$7,000",Junior,SFT102,
ISII2248,Software Engineer II,"$13,000",Junior,SFT103,
ISII2249,Software Engineer II,"$6,000",Junior,SFT103,
ISII2250,Software Engineer II,"$6,000",Junior,SFT101,
ISII2251,Software Engineer II,"$6,000",Junior,SFT101,
ISII2252,Software Engineer II,"$9,000",Junior,SFT102,
DSI2253,Software Developer I,"$9,000",Junior,SFT102,
DSI2254,Software Developer I,"$12,000",Junior,SFT102,
DSI2255,Software Developer I,"$7,000",Junior,SFT103,
DSI2256,Software Developer I,"$6,000",Junior,SFT101,
ISII2257,Software Engineer II,"$13,000",Junior,SFT103,
ISII2258,Software Engineer II,"$11,000",Junior,SFT102,
DSI2259,Software Developer I,"$13,000",Junior,SFT101,
DSI2260,Software Developer I,"$7,000",Junior,SFT103,
DSI2261,Software Developer I,"$11,000",Junior,SFT101,
ISII2262,Software Engineer I,"$9,000",Junior,SFT101,
ISII2263,Software Engineer I,"$8,000",Junior,SFT103,
ISII2264,Software Engineer I,"$8,000",Junior,SFT102,
ISII2265,Software Engineer I,"$13,000",Junior,SFT102,
ISII2266,Software Engineer I,"$6,000",Junior,SFT102,
ISII2267,Software Engineer I,"$10,000",Junior,SFT103,
DSI2268,Software Developer I,"$10,000",Junior,SFT101,
ISII2269,Software Engineer I,"$9,000",Junior,SFT101,
ISII2270,Software Engineer I,"$12,000",Junior,SFT102,
DSI2271,Software Developer I,"$12,000",Junior,SFT102,
ISII2272,Software Engineer I,"$6,000",Junior,SFT102,
ASII2273,Software Architect,"$13,000",Junior,SFT101,
ISII2274,Software Engineer II,"$6,000",Junior,SFT103,
ASII2275,Software Architect,"$6,000",Junior,SFT102,
ES2276,Software Specialist,"$12,000",Junior,SFT102,
ASII2277,Software Architect,"$9,000",Junior,SFT102,
ASII2278,Software Architect,"$13,000",Junior,SFT103,
ISII2279,Software Engineer II,"$10,000",Junior,SFT103,
ASII2280,Software Architect,"$8,000",Junior,SFT101,
ES2281,Software Specialist,"$7,000",Junior,SFT101,
ASII2282,Software Architect,"$9,000",Junior,SFT101,
DSII2283,Software Developer II,"$12,000",Junior,SFT103,
ISII2284,Software Engineer II,"$7,000",Junior,SFT102,
DSII2285,Software Developer II,"$10,000",Junior,SFT101,
ISII2286,Software Engineer II,"$9,000",Junior,SFT101,
DSII2287,Software Developer II,"$11,000",Junior,SFT103,
DSII2288,Software Developer II,"$13,000",Junior,SFT102,
ISII2289,Software Engineer I,"$10,000",Junior,SFT101,
DSI2290,Software Developer I,"$10,000",Junior,SFT102,
DSII2291,Software Developer II,"$13,000",Junior,SFT101,
ISII2292,Software Engineer I,"$11,000",Junior,SFT103,
DSI2293,Software Developer I,"$11,000",Junior,SFT102,
DSII2294,Software Developer II,"$10,000",Junior,SFT103,
ISII2295,Software Engineer I,"$9,000",Junior,SFT103,
DSI2296,Software Developer I,"$13,000",Junior,SFT101,
DSII2297,Software Developer II,"$6,000",Junior,SFT102,
ISII2298,Software Engineer I,"$9,000",Junior,SFT101,
DSI2299,Software Developer I,"$7,000",Junior,SFT103,
DSII2300,Software Developer II,"$13,000",Junior,SFT101,
ISII2301,Software Engineer I,"$6,000",Junior,SFT102,
DSI2302,Software Developer I,"$10,000",Junior,SFT103,
DSII2303,Software Developer II,"$12,000",Junior,SFT103,
ISII2304,Software Engineer I,"$7,000",Junior,SFT101,
DSI2305,Software Developer I,"$9,000",Junior,SFT103,
DSII2306,Software Developer II,"$6,000",Junior,SFT103,
ISII2307,Software Engineer I,"$10,000",Junior,SFT103,
DSI2308,Software Developer I,"$8,000",Junior,SFT101,
DSII2309,Software Developer II,"$10,000",Junior,SFT101,
ISII2310,Software Engineer I,"$8,000",Junior,SFT103,
DSI2311,Software Developer I,"$10,000",Junior,SFT101,
ISII2312,Software Engineer I,"$12,000",Junior,SFT102,
DSI2313,Software Developer I,"$6,000",Junior,SFT103,
ISII2314,Software Engineer I,"$8,000",Junior,SFT103,
DSI2315,Software Developer I,"$10,000",Junior,SFT101,
ISII2316,Software Engineer I,"$13,000",Junior,SFT101,
DSI2317,Software Developer I,"$10,000",Junior,SFT101,
ISII2318,Software Engineer I,"$11,000",Junior,SFT102,
DSI2319,Software Developer I,"$9,000",Junior,SFT101,
ISII2320,Software Engineer I,"$6,000",Junior,SFT102,
DSI2321,Software Developer I,"$10,000",Junior,SFT103,
ISII2322,Software Engineer I,"$10,000",Junior,SFT101,
DSI2323,Software Developer I,"$7,000",Junior,SFT102,
ISII2324,Software Engineer I,"$13,000",Junior,SFT102,
DSI2325,Software Developer I,"$6,000",Junior,SFT103,
ISII2326,Software Engineer I,"$11,000",Junior,SFT103,
DSI2327,Software Developer I,"$7,000",Junior,SFT102,
ASII2328,Software Architect,"$10,000",Junior,SFT102,
ASII2329,Software Architect,"$12,000",Junior,SFT103,
ASII2330,Software Architect,"$13,000",Junior,SFT103,
ASII2331,Software Architect,"$9,000",Junior,SFT103,
ASII2332,Software Architect,"$8,000",Junior,SFT101,
ASII2333,Software Architect,"$13,000",Junior,SFT101,
ASII2334,Software Architect,"$8,000",Junior,SFT102,
ASII2335,Software Architect,"$9,000",Junior,SFT101,
ASII2336,Software Architect,"$9,000",Junior,SFT102,
ASII2337,Software Architect,"$8,000",Junior,SFT102,
ASII2338,Software Architect,"$11,000",Junior,SFT102,
ASII2339,Software Architect,"$13,000",Junior,SFT101,
ASII2340,Software Architect,"$13,000",Junior,SFT101,
ASII2341,Software Architect,"$12,000",Junior,SFT102,
ASII2342,Software Architect,"$11,000",Junior,SFT103,
ASII2343,Software Architect,"$8,000",Junior,SFT102,
ASII2344,Software Architect,"$10,000",Junior,SFT102,
ASII2345,Software Architect,"$13,000",Junior,SFT101,
ASII2346,Software Architect,"$10,000",Junior,SFT101,
ASII2347,Software Architect,"$8,000",Junior,SFT102,
ASII2348,Software Architect,"$12,000",Junior,SFT101,
ASII2349,Software Architect,"$11,000",Junior,SFT102,
ASII2350,Software Architect,"$11,000",Junior,SFT101,
ASII2351,Software Architect,"$9,000",Junior,SFT102,
ASII2352,Software Architect,"$10,000",Junior,SFT102,
ASII2353,Software Architect,"$13,000",Junior,SFT101,
ASII2354,Software Architect,"$12,000",Junior,SFT101,
ASII2355,Software Architect,"$6,000",Junior,SFT102,
ASII2356,Software Architect,"$11,000",Junior,SFT102,
ASII2357,Software Architect,"$10,000",Junior,SFT101,
ASII2358,Software Architect,"$8,000",Junior,SFT102,
ASII2359,Software Architect,"$9,000",Junior,SFT101,
ASII2360,Software Architect,"$12,000",Junior,SFT103,
ASII2361,Software Architect,"$8,000",Junior,SFT103,
ASII2362,Software Architect,"$12,000",Junior,SFT101,
ASII2363,Software Architect,"$7,000",Junior,SFT103,
ASII2364,Software Architect,"$10,000",Junior,SFT101,
ASII2365,Software Architect,"$7,000",Junior,SFT101,
ASII2366,Software Architect,"$13,000",Junior,SFT102,
ASII2367,Software Architect,"$12,000",Junior,SFT101,
ASII2368,Software Architect,"$11,000",Junior,SFT101,
ASII2369,Software Architect,"$9,000",Junior,SFT101,
ASII2370,Software Architect,"$8,000",Junior,SFT101,
ASII2371,Software Architect,"$10,000",Junior,SFT101,
ASII2372,Software Architect,"$9,000",Junior,SFT101,
ASII2373,Software Architect,"$10,000",Junior,SFT101,
ASII2374,Software Architect,"$9,000",Junior,SFT103,
ASII2375,Software Architect,"$7,000",Junior,SFT102,
ASII2376,Software Architect,"$7,000",Junior,SFT103,
ASII2377,Software Architect,"$6,000",Junior,SFT102,
ASII2378,Software Architect,"$8,000",Junior,SFT103,
ASII2379,Software Architect,"$6,000",Junior,SFT103,
ASII2380,Software Architect,"$8,000",Junior,SFT101,
ASII2381,Software Architect,"$9,000",Junior,SFT103,
ASII2382,Software Architect,"$11,000",Junior,SFT101,
ASII2383,Software Architect,"$10,000",Junior,SFT101,
ASII2384,Software Architect,"$10,000",Junior,SFT103,
ASII2385,Software Architect,"$13,000",Junior,SFT101,
ASII2386,Software Architect,"$8,000",Junior,SFT102,
ASII2387,Software Architect,"$10,000",Junior,SFT102,
ASII2388,Software Architect,"$12,000",Junior,SFT102,
ASII2389,Software Architect,"$6,000",Junior,SFT102,
ASII2390,Software Architect,"$13,000",Junior,SFT102,
ASII2391,Software Architect,"$13,000",Junior,SFT102,
ASII2392,Software Architect,"$7,000",Junior,SFT103,
ASII2393,Software Architect,"$11,000",Junior,SFT101,
ASII2394,Software Architect,"$11,000",Junior,SFT102,
ASII2395,Software Architect,"$7,000",Junior,SFT103,
ASII2396,Software Architect,"$13,000",Junior,SFT101,
ASII2397,Software Architect,"$12,000",Junior,SFT102,
ASII2398,Software Architect,"$10,000",Junior,SFT102,
ASII2399,Software Architect,"$10,000",Junior,SFT101,
ASII2400,Software Architect,"$11,000",Junior,SFT101,
ASII2401,Software Architect,"$9,000",Junior,SFT101,
ASII2402,Software Architect,"$6,000",Junior,SFT102,
ASII2403,Software Architect,"$13,000",Junior,SFT102,
ASII2404,Software Architect,"$12,000",Junior,SFT103,
ASII2405,Software Architect,"$6,000",Junior,SFT103,
ASII2406,Software Architect,"$10,000",Junior,SFT101,
ASII2407,Software Architect,"$8,000",Junior,SFT102,
ASII2408,Software Architect,"$6,000",Junior,SFT102,
ASII2409,Software Architect,"$13,000",Junior,SFT103,
ASII2410,Software Architect,"$13,000",Junior,SFT101,
ASII2411,Software Architect,"$11,000",Junior,SFT102,
ASII2412,Software Architect,"$10,000",Junior,SFT103,
ASII2413,Software Architect,"$11,000",Junior,SFT101,
ASII2414,Software Architect,"$10,000",Junior,SFT102,
ASII2415,Software Architect,"$10,000",Junior,SFT103,
ASII2416,Software Architect,"$7,000",Junior,SFT103,
ASII2417,Software Architect,"$8,000",Junior,SFT101,
ASII2418,Software Architect,"$10,000",Junior,SFT101,
ASII2419,Software Architect,"$12,000",Junior,SFT102,
ASII2420,Software Architect,"$13,000",Junior,SFT101,
ASII2421,Software Architect,"$12,000",Junior,SFT103,
ES2422,Software Specialist,"$7,000",Junior,SFT102,
ES2423,Software Specialist,"$7,000",Junior,SFT102,
ES2424,Software Specialist,"$7,000",Junior,SFT102,
ES2425,Software Specialist,"$8,000",Junior,SFT101,
ES2426,Software Specialist,"$9,000",Junior,SFT102,
ES2427,Software Specialist,"$7,000",Junior,SFT102,
ES2428,Software Specialist,"$9,000",Junior,SFT103,
ES2429,Software Specialist,"$8,000",Junior,SFT103,
ES2430,Software Specialist,"$11,000",Junior,SFT103,
ES2431,Software Specialist,"$12,000",Junior,SFT101,
ES2432,Software Specialist,"$8,000",Junior,SFT101,
ES2433,Software Specialist,"$6,000",Junior,SFT103,
ES2434,Software Specialist,"$13,000",Junior,SFT102,
ES2435,Software Specialist,"$6,000",Junior,SFT102,
ES2436,Software Specialist,"$7,000",Junior,SFT102,
ES2437,Software Specialist,"$7,000",Junior,SFT103,
ES2438,Software Specialist,"$12,000",Junior,SFT103,
ES2439,Software Specialist,"$13,000",Junior,SFT103,
ES2440,Software Specialist,"$8,000",Junior,SFT102,
ES2441,Software Specialist,"$8,000",Junior,SFT101,
ES2442,Software Specialist,"$8,000",Junior,SFT102,
ES2443,Software Specialist,"$7,000",Junior,SFT102,
ES2444,Software Specialist,"$7,000",Junior,SFT102,
ES2445,Software Specialist,"$10,000",Junior,SFT102,
ES2446,Software Specialist,"$11,000",Junior,SFT102,
ES2447,Software Specialist,"$13,000",Junior,SFT102,
ES2448,Software Specialist,"$8,000",Junior,SFT101,
ES2449,Software Specialist,"$6,000",Junior,SFT103,
ES2450,Software Specialist,"$9,000",Junior,SFT102,
ES2451,Software Specialist,"$13,000",Junior,SFT103,
ES2452,Software Specialist,"$13,000",Junior,SFT103,
ES2453,Software Specialist,"$13,000",Junior,SFT103,
ES2454,Software Specialist,"$8,000",Junior,SFT102,
ES2455,Software Specialist,"$13,000",Junior,SFT103,
ES2456,Software Specialist,"$6,000",Junior,SFT103,
ES2457,Software Specialist,"$13,000",Junior,SFT103,
ES2458,Software Specialist,"$10,000",Junior,SFT102,
ES2459,Software Specialist,"$9,000",Junior,SFT101,
ES2460,Software Specialist,"$9,000",Junior,SFT101,
ES2461,Software Specialist,"$13,000",Junior,SFT102,
ES2462,Software Specialist,"$13,000",Junior,SFT101,
ES2463,Software Specialist,"$6,000",Junior,SFT101,
ES2464,Software Specialist,"$12,000",Junior,SFT103,
ES2465,Software Specialist,"$8,000",Junior,SFT101,
ES2466,Software Specialist,"$8,000",Junior,SFT101,
ES2467,Software Specialist,"$9,000",Junior,SFT101,
ES2468,Software Specialist,"$6,000",Junior,SFT102,
ES2469,Software Specialist,"$6,000",Junior,SFT102,
ES2470,Software Specialist,"$8,000",Junior,SFT102,
ES2471,Software Specialist,"$9,000",Junior,SFT103,
ISII2472,Software Engineer II,"$13,000",Junior,SFT101,
ISII2473,Software Engineer II,"$6,000",Junior,SFT102,
ISII2474,Software Engineer II,"$7,000",Junior,SFT101,
ISII2475,Software Engineer II,"$11,000",Junior,SFT103,
ISII2476,Software Engineer II,"$12,000",Junior,SFT101,
ISII2477,Software Engineer II,"$9,000",Junior,SFT102,
ISII2478,Software Engineer II,"$12,000",Junior,SFT102,
ISII2479,Software Engineer II,"$9,000",Junior,SFT102,
ISII2480,Software Engineer II,"$9,000",Junior,SFT102,
ISII2481,Software Engineer II,"$8,000",Junior,SFT103,
ISII2482,Software Engineer II,"$11,000",Junior,SFT103,
ISII2483,Software Engineer II,"$12,000",Junior,SFT101,
ISII2484,Software Engineer II,"$12,000",Junior,SFT101,
ISII2485,Software Engineer II,"$8,000",Junior,SFT102,
ISII2486,Software Engineer II,"$13,000",Junior,SFT102,
ISII2487,Software Engineer II,"$13,000",Junior,SFT102,
ISII2488,Software Engineer II,"$9,000",Junior,SFT102,
ISII2489,Software Engineer II,"$10,000",Junior,SFT103,
ISII2490,Software Engineer II,"$11,000",Junior,SFT102,
ISII2491,Software Engineer II,"$6,000",Junior,SFT103,
ISII2492,Software Engineer II,"$8,000",Junior,SFT102,
ISII2493,Software Engineer II,"$11,000",Junior,SFT101,
ISII2494,Software Engineer II,"$10,000",Junior,SFT101,
ISII2495,Software Engineer II,"$7,000",Junior,SFT102,
ISII2496,Software Engineer II,"$12,000",Junior,SFT102,
ISII2497,Software Engineer II,"$8,000",Junior,SFT101,
ISII2498,Software Engineer II,"$12,000",Junior,SFT103,
ISII2499,Software Engineer II,"$13,000",Junior,SFT103,
ISII2500,Software Engineer II,"$8,000",Junior,SFT102,
ISII2501,Software Engineer II,"$11,000",Junior,SFT102,
ISII2502,Software Engineer II,"$8,000",Junior,SFT103,
ISII2503,Software Engineer II,"$11,000",Junior,SFT102,
ISII2504,Software Engineer II,"$8,000",Junior,SFT101,
ISII2505,Software Engineer II,"$10,000",Junior,SFT101,
ISII2506,Software Engineer II,"$6,000",Junior,SFT101,
ISII2507,Software Engineer II,"$8,000",Junior,SFT103,
ISII2508,Software Engineer II,"$13,000",Junior,SFT101,
ISII2509,Software Engineer II,"$12,000",Junior,SFT102,
ISII2510,Software Engineer II,"$13,000",Junior,SFT102,
ISII2511,Software Engineer II,"$11,000",Junior,SFT103,
ISII2512,Software Engineer II,"$13,000",Junior,SFT102,
ISII2513,Software Engineer II,"$7,000",Junior,SFT101,
ISII2514,Software Engineer II,"$10,000",Junior,SFT101,
ISII2515,Software Engineer II,"$9,000",Junior,SFT103,
ISII2516,Software Engineer II,"$10,000",Junior,SFT103,
ISII2517,Software Engineer II,"$11,000",Junior,SFT103,
ISII2518,Software Engineer II,"$9,000",Junior,SFT101,
ISII2519,Software Engineer II,"$13,000",Junior,SFT101,
ISII2520,Software Engineer II,"$10,000",Junior,SFT102,
ISII2521,Software Engineer II,"$11,000",Junior,SFT102,
ISII2522,Software Engineer II,"$11,000",Junior,SFT102,
ISII2523,Software Engineer II,"$7,000",Junior,SFT101,
ISII2524,Software Engineer II,"$6,000",Junior,SFT103,
ISII2525,Software Engineer II,"$7,000",Junior,SFT102,
ISII2526,Software Engineer II,"$10,000",Junior,SFT101,
ISII2527,Software Engineer II,"$12,000",Junior,SFT102,
ISII2528,Software Engineer II,"$7,000",Junior,SFT101,
ISII2529,Software Engineer II,"$7,000",Junior,SFT102,
ISII2530,Software Engineer II,"$12,000",Junior,SFT102,
ISII2531,Software Engineer II,"$7,000",Junior,SFT101,
ISII2532,Software Engineer II,"$12,000",Junior,SFT103,
ISII2533,Software Engineer II,"$11,000",Junior,SFT102,
ISII2534,Software Engineer II,"$13,000",Junior,SFT101,
ISII2535,Software Engineer II,"$11,000",Junior,SFT103,
ISII2536,Software Engineer II,"$12,000",Junior,SFT103,
ISII2537,Software Engineer II,"$9,000",Junior,SFT102,
ISII2538,Software Engineer II,"$13,000",Junior,SFT103,
ISII2539,Software Engineer II,"$9,000",Junior,SFT102,
ISII2540,Software Engineer II,"$8,000",Junior,SFT101,
ISII2541,Software Engineer II,"$8,000",Junior,SFT102,
ISII2542,Software Engineer II,"$10,000",Junior,SFT103,
ISII2543,Software Engineer II,"$9,000",Junior,SFT103,
ISII2544,Software Engineer II,"$12,000",Junior,SFT103,
ISII2545,Software Engineer II,"$12,000",Junior,SFT101,
ISII2546,Software Engineer II,"$11,000",Junior,SFT103,
ISII2547,Software Engineer II,"$13,000",Junior,SFT103,
ISII2548,Software Engineer II,"$6,000",Junior,SFT102,
ISII2549,Software Engineer II,"$10,000",Junior,SFT102,
ISII2550,Software Engineer II,"$12,000",Junior,SFT102,
ISII2551,Software Engineer II,"$12,000",Junior,SFT102,
ISII2552,Software Engineer II,"$12,000",Junior,SFT101,
ISII2553,Software Engineer II,"$12,000",Junior,SFT103,
ISII2554,Software Engineer II,"$13,000",Junior,SFT103,
ISII2555,Software Engineer II,"$9,000",Junior,SFT101,
ISII2556,Software Engineer II,"$8,000",Junior,SFT102,
ISII2557,Software Engineer II,"$6,000",Junior,SFT103,
ISII2558,Software Engineer II,"$13,000",Junior,SFT101,
ISII2559,Software Engineer II,"$8,000",Junior,SFT103,
ISII2560,Software Engineer II,"$10,000",Junior,SFT101,
ISII2561,Software Engineer II,"$7,000",Junior,SFT102,
ISII2562,Software Engineer II,"$8,000",Junior,SFT101,
ISII2563,Software Engineer II,"$12,000",Junior,SFT101,
ISII2564,Software Engineer II,"$9,000",Junior,SFT102,
ISII2565,Software Engineer II,"$13,000",Junior,SFT103,
ISII2566,Software Engineer II,"$12,000",Junior,SFT101,
ISII2567,Software Engineer II,"$9,000",Junior,SFT101,
ISII2568,Software Engineer II,"$10,000",Junior,SFT103,
ISII2569,Software Engineer II,"$9,000",Junior,SFT101,
ISII2570,Software Engineer II,"$9,000",Junior,SFT101,
DSII2571,Software Developer II,"$11,000",Junior,SFT103,
DSII2572,Software Developer II,"$11,000",Junior,SFT102,
DSII2573,Software Developer II,"$11,000",Junior,SFT102,
DSII2574,Software Developer II,"$9,000",Junior,SFT101,
DSII2575,Software Developer II,"$12,000",Junior,SFT103,
DSII2576,Software Developer II,"$11,000",Junior,SFT101,
DSII2577,Software Developer II,"$8,000",Junior,SFT102,
DSII2578,Software Developer II,"$13,000",Junior,SFT102,
DSII2579,Software Developer II,"$6,000",Junior,SFT102,
DSII2580,Software Developer II,"$12,000",Junior,SFT101,
DSII2581,Software Developer II,"$6,000",Junior,SFT101,
DSII2582,Software Developer II,"$12,000",Junior,SFT103,
DSII2583,Software Developer II,"$7,000",Junior,SFT102,
DSII2584,Software Developer II,"$7,000",Junior,SFT101,
DSII2585,Software Developer II,"$13,000",Junior,SFT101,
DSII2586,Software Developer II,"$13,000",Junior,SFT103,
DSII2587,Software Developer II,"$11,000",Junior,SFT101,
DSII2588,Software Developer II,"$9,000",Junior,SFT101,
DSII2589,Software Developer II,"$9,000",Junior,SFT103,
DSII2590,Software Developer II,"$6,000",Junior,SFT103,
DSII2591,Software Developer II,"$10,000",Junior,SFT102,
DSII2592,Software Developer II,"$7,000",Junior,SFT101,
DSII2593,Software Developer II,"$8,000",Junior,SFT102,
DSII2594,Software Developer II,"$11,000",Junior,SFT102,
DSII2595,Software Developer II,"$7,000",Junior,SFT101,
DSII2596,Software Developer II,"$7,000",Junior,SFT101,
DSII2597,Software Developer II,"$13,000",Junior,SFT102,
DSII2598,Software Developer II,"$9,000",Junior,SFT103,
DSII2599,Software Developer II,"$13,000",Junior,SFT101,
DSII2600,Software Developer II,"$9,000",Junior,SFT103,
DSII2601,Software Developer II,"$10,000",Junior,SFT101,
DSII2602,Software Developer II,"$12,000",Junior,SFT101,
DSII2603,Software Developer II,"$9,000",Junior,SFT102,
DSII2604,Software Developer II,"$8,000",Junior,SFT103,
DSII2605,Software Developer II,"$6,000",Junior,SFT102,
DSII2606,Software Developer II,"$13,000",Junior,SFT101,
DSII2607,Software Developer II,"$9,000",Junior,SFT101,
DSII2608,Software Developer II,"$8,000",Junior,SFT101,
DSII2609,Software Developer II,"$8,000",Junior,SFT102,
DSII2610,Software Developer II,"$7,000",Junior,SFT102,
DSII2611,Software Developer II,"$12,000",Junior,SFT102,
DSII2612,Software Developer II,"$13,000",Junior,SFT103,
DSII2613,Software Developer II,"$12,000",Junior,SFT101,
DSII2614,Software Developer II,"$6,000",Junior,SFT101,
DSII2615,Software Developer II,"$8,000",Junior,SFT103,
DSII2616,Software Developer II,"$6,000",Junior,SFT102,
DSII2617,Software Developer II,"$7,000",Junior,SFT103,
DSII2618,Software Developer II,"$9,000",Junior,SFT103,
DSII2619,Software Developer II,"$8,000",Junior,SFT102,
DSII2620,Software Developer II,"$7,000",Junior,SFT101,
DSII2621,Software Developer II,"$8,000",Junior,SFT101,
DSII2622,Software Developer II,"$11,000",Junior,SFT103,
DSII2623,Software Developer II,"$8,000",Junior,SFT103,
DSII2624,Software Developer II,"$12,000",Junior,SFT102,
DSII2625,Software Developer II,"$11,000",Junior,SFT101,
DSII2626,Software Developer II,"$8,000",Junior,SFT102,
DSII2627,Software Developer II,"$9,000",Junior,SFT101,
DSII2628,Software Developer II,"$6,000",Junior,SFT101,
DSII2629,Software Developer II,"$8,000",Junior,SFT102,
DSII2630,Software Developer II,"$12,000",Junior,SFT101,
DSII2631,Software Developer II,"$9,000",Junior,SFT101,
DSII2632,Software Developer II,"$13,000",Junior,SFT102,
DSII2633,Software Developer II,"$6,000",Junior,SFT103,
DSII2634,Software Developer II,"$11,000",Junior,SFT103,
DSII2635,Software Developer II,"$6,000",Junior,SFT103,
DSII2636,Software Developer II,"$6,000",Junior,SFT103,
DSII2637,Software Developer II,"$8,000",Junior,SFT101,
DSII2638,Software Developer II,"$8,000",Junior,SFT102,
DSII2639,Software Developer II,"$11,000",Junior,SFT101,
DSII2640,Software Developer II,"$13,000",Junior,SFT101,
DSII2641,Software Developer II,"$13,000",Junior,SFT101,
DSII2642,Software Developer II,"$7,000",Junior,SFT101,
DSII2643,Software Developer II,"$6,000",Junior,SFT103,
DSII2644,Software Developer II,"$7,000",Junior,SFT101,
DSII2645,Software Developer II,"$6,000",Junior,SFT103,
DSII2646,Software Developer II,"$12,000",Junior,SFT103,
DSII2647,Software Developer II,"$8,000",Junior,SFT102,
DSII2648,Software Developer II,"$12,000",Junior,SFT101,
DSII2649,Software Developer II,"$6,000",Junior,SFT101,
DSII2650,Software Developer II,"$12,000",Junior,SFT101,
DSII2651,Software Developer II,"$10,000",Junior,SFT102,
DSII2652,Software Developer II,"$12,000",Junior,SFT101,
DSII2653,Software Developer II,"$12,000",Junior,SFT102,
DSII2654,Software Developer II,"$12,000",Junior,SFT103,
DSII2655,Software Developer II,"$9,000",Junior,SFT101,
DSII2656,Software Developer II,"$8,000",Junior,SFT103,
DSII2657,Software Developer II,"$6,000",Junior,SFT103,
DSII2658,Software Developer II,"$11,000",Junior,SFT102,
DSII2659,Software Developer II,"$10,000",Junior,SFT101,
DSII2660,Software Developer II,"$9,000",Junior,SFT102,
DSII2661,Software Developer II,"$11,000",Junior,SFT103,
DSII2662,Software Developer II,"$13,000",Junior,SFT101,
DSII2663,Software Developer II,"$9,000",Junior,SFT102,
DSII2664,Software Developer II,"$10,000",Junior,SFT102,
DSII2665,Software Developer II,"$8,000",Junior,SFT102,
DSII2666,Software Developer II,"$11,000",Junior,SFT101,
DSII2667,Software Developer II,"$9,000",Junior,SFT101,
DSII2668,Software Developer II,"$11,000",Junior,SFT101,
DSII2669,Software Developer II,"$6,000",Junior,SFT103,
DSII2670,Software Developer II,"$10,000",Junior,SFT101,
DSII2671,Software Developer II,"$6,000",Junior,SFT103,
DSII2672,Software Developer II,"$10,000",Junior,SFT103,
DSII2673,Software Developer II,"$13,000",Junior,SFT103,
DSII2674,Software Developer II,"$6,000",Junior,SFT103,
DSII2675,Software Developer II,"$12,000",Junior,SFT102,
DSII2676,Software Developer II,"$11,000",Junior,SFT101,
DSII2677,Software Developer II,"$6,000",Junior,SFT101,
DSII2678,Software Developer II,"$11,000",Junior,SFT102,
DSII2679,Software Developer II,"$7,000",Junior,SFT102,
DSII2680,Software Developer II,"$12,000",Junior,SFT102,
DSII2681,Software Developer II,"$8,000",Junior,SFT101,
DSII2682,Software Developer II,"$11,000",Junior,SFT103,
DSII2683,Software Developer II,"$13,000",Junior,SFT102,
DSII2684,Software Developer II,"$7,000",Junior,SFT101,
DSII2685,Software Developer II,"$10,000",Junior,SFT103,
DSII2686,Software Developer II,"$6,000",Junior,SFT102,
DSII2687,Software Developer II,"$12,000",Junior,SFT102,
DSII2688,Software Developer II,"$8,000",Junior,SFT103,
DSII2689,Software Developer II,"$10,000",Junior,SFT101,
DSII2690,Software Developer II,"$9,000",Junior,SFT101,
DSII2691,Software Developer II,"$7,000",Junior,SFT102,
DSII2692,Software Developer II,"$8,000",Junior,SFT103,
DSII2693,Software Developer II,"$9,000",Junior,SFT103,
DSII2694,Software Developer II,"$12,000",Junior,SFT101,
DSII2695,Software Developer II,"$13,000",Junior,SFT102,
DSII2696,Software Developer II,"$6,000",Junior,SFT101,
DSII2697,Software Developer II,"$12,000",Junior,SFT102,
DSII2698,Software Developer II,"$7,000",Junior,SFT102,
DSII2699,Software Developer II,"$13,000",Junior,SFT101,
DSII2700,Software Developer II,"$11,000",Junior,SFT101,
DSII2701,Software Developer II,"$13,000",Junior,SFT102,
DSII2702,Software Developer II,"$7,000",Junior,SFT101,
DSII2703,Software Developer II,"$7,000",Junior,SFT102,
DSII2704,Software Developer II,"$8,000",Junior,SFT101,
DSII2705,Software Developer II,"$11,000",Junior,SFT101,
DSII2706,Software Developer II,"$6,000",Junior,SFT101,
DSII2707,Software Developer II,"$6,000",Junior,SFT102,
DSII2708,Software Developer II,"$13,000",Junior,SFT102,
DSII2709,Software Developer II,"$9,000",Junior,SFT103,
DSII2710,Software Developer II,"$13,000",Junior,SFT103,
DSII2711,Software Developer II,"$6,000",Junior,SFT101,
DSII2712,Software Developer II,"$8,000",Junior,SFT101,
DSII2713,Software Developer II,"$8,000",Junior,SFT103,
DSII2714,Software Developer II,"$12,000",Junior,SFT102,
DSII2715,Software Developer II,"$10,000",Junior,SFT101,
DSII2716,Software Developer II,"$11,000",Junior,SFT101,
DSII2717,Software Developer II,"$10,000",Junior,SFT103,
DSII2718,Software Developer II,"$8,000",Junior,SFT101,
DSII2719,Software Developer II,"$13,000",Junior,SFT102,
DSII2720,Software Developer II,"$6,000",Junior,SFT102,
DSII2721,Software Developer II,"$6,000",Junior,SFT103,
DSII2722,Software Developer II,"$13,000",Junior,SFT103,
ISII2723,Software Engineer II,"$10,000",Junior,SFT101,
DSI2724,Software Developer I,"$6,000",Junior,SFT102,
ISII2725,Software Engineer I,"$6,000",Junior,SFT102,
DSII2726,Software Developer II,"$13,000",Junior,SFT102,
ISII2727,Software Engineer I,"$8,000",Junior,SFT103,
ISII2728,Software Engineer I,"$10,000",Junior,SFT102,
DSII2729,Software Developer II,"$9,000",Junior,SFT102,
ISII2730,Software Engineer II,"$10,000",Junior,SFT102,
ISII2731,Software Engineer I,"$13,000",Junior,SFT102,
ES2732,Software Specialist,"$11,000",Junior,SFT102,
ISII2733,Software Engineer I,"$11,000",Junior,SFT103,
ISII2734,Software Engineer II,"$13,000",Junior,SFT101,
ASI2735,Software Analyst,"$9,000",Junior,SFT102,
DSI2736,Software Developer I,"$6,000",Junior,SFT101,
ASI2737,Software Analyst,"$11,000",Junior,SFT101,
ES2738,Software Specialist,"$13,000",Junior,SFT101,
ASI2739,Software Analyst,"$8,000",Junior,SFT103,
DSI2740,Software Developer I,"$13,000",Junior,SFT101,
DSI2741,Software Developer I,"$9,000",Junior,SFT101,
ISII2742,Software Engineer II,"$10,000",Junior,SFT103,
ISII2743,Software Engineer I,"$13,000",Junior,SFT102,
ISII2744,Software Engineer II,"$6,000",Junior,SFT102,
ISII2745,Software Engineer I,"$10,000",Junior,SFT101,
ISII2746,Software Engineer I,"$12,000",Junior,SFT103,
ISII2747,Software Engineer II,"$8,000",Junior,SFT101,
ISII2748,Software Engineer I,"$8,000",Junior,SFT103,
ASI2749,Software Analyst,"$6,000",Junior,SFT102,
DSI2750,Software Developer I,"$10,000",Junior,SFT102,
DSII2751,Software Developer II,"$12,000",Junior,SFT101,
ISII2752,Software Engineer II,"$10,000",Junior,SFT103,
ISII2753,Software Engineer II,"$13,000",Junior,SFT102,
DSII2754,Software Developer II,"$12,000",Junior,SFT103,
ASI2755,Software Analyst,"$12,000",Junior,SFT101,
DSI2756,Software Developer I,"$8,000",Junior,SFT102,
ISII2757,Software Engineer II,"$9,000",Junior,SFT101,
ISII2758,Software Engineer I,"$12,000",Junior,SFT102,
ASI2759,Software Analyst,"$12,000",Junior,SFT103,
DSI2760,Software Developer I,"$6,000",Junior,SFT103,
ASI2761,Software Analyst,"$8,000",Junior,SFT102,
DSII2762,Software Developer II,"$10,000",Junior,SFT101,
DSII2763,Software Developer II,"$10,000",Junior,SFT101,
ISII2764,Software Engineer II,"$13,000",Junior,SFT103,
ASI2765,Software Analyst,"$6,000",Junior,SFT102,
ISII2766,Software Engineer I,"$9,000",Junior,SFT102,
ES2767,Software Specialist,"$7,000",Junior,SFT103,
ISII2768,Software Engineer II,"$8,000",Junior,SFT101,
ISII2769,Software Engineer II,"$11,000",Junior,SFT103,
ES2770,Software Specialist,"$13,000",Junior,SFT103,
ISII2771,Software Engineer I,"$13,000",Junior,SFT101,
ASI2772,Software Analyst,"$6,000",Junior,SFT102,
ES2773,Software Specialist,"$10,000",Junior,SFT101,
ISII2774,Software Engineer I,"$8,000",Junior,SFT102,
ISII2775,Software Engineer II,"$13,000",Junior,SFT101,
ISII2776,Software Engineer I,"$9,000",Junior,SFT102,
DSII2777,Software Developer II,"$12,000",Junior,SFT101,
DSII2778,Software Developer II,"$12,000",Junior,SFT102,
ISII2779,Software Engineer II,"$10,000",Junior,SFT101,
ISII2780,Software Engineer I,"$11,000",Junior,SFT102,
DSII2781,Software Developer II,"$12,000",Junior,SFT102,
ES2782,Software Specialist,"$12,000",Junior,SFT103,
DSI2783,Software Developer I,"$12,000",Junior,SFT103,
ASI2784,Software Analyst,"$9,000",Junior,SFT101,
DSII2785,Software Developer II,"$6,000",Junior,SFT101,
ASI2786,Software Analyst,"$6,000",Junior,SFT101,
ISII2787,Software Engineer II,"$6,000",Junior,SFT103,
DSI2788,Software Developer I,"$13,000",Junior,SFT103,
DSI2789,Software Developer I,"$9,000",Junior,SFT103,
DSII2790,Software Developer II,"$12,000",Junior,SFT101,
ISII2791,Software Engineer II,"$13,000",Junior,SFT101,
ISII2792,Software Engineer I,"$6,000",Junior,SFT103,
ES2793,Software Specialist,"$10,000",Junior,SFT103,
DSI2794,Software Developer I,"$8,000",Junior,SFT101,
ASI2795,Software Analyst,"$11,000",Junior,SFT102,
ISII2796,Software Engineer II,"$8,000",Junior,SFT101,
ISII2797,Software Engineer I,"$11,000",Junior,SFT103,
ISII2798,Software Engineer I,"$13,000",Junior,SFT101,
ASI2799,Software Analyst,"$9,000",Junior,SFT102,
DSI2800,Software Developer I,"$6,000",Junior,SFT101,
ISII2801,Software Engineer I,"$11,000",Junior,SFT101,
ISII2802,Software Engineer II,"$11,000",Junior,SFT102,
ASI2803,Software Analyst,"$11,000",Junior,SFT103,
ISII2804,Software Engineer I,"$9,000",Junior,SFT102,
DSI2805,Software Developer I,"$10,000",Junior,SFT103,
DSII2806,Software Developer II,"$12,000",Junior,SFT101,
DSII2807,Software Developer II,"$13,000",Junior,SFT102,
ISII2808,Software Engineer II,"$8,000",Junior,SFT102,
ISII2809,Software Engineer I,"$8,000",Junior,SFT103,
DSII2810,Software Developer II,"$6,000",Junior,SFT101,
DSII2811,Software Developer II,"$9,000",Junior,SFT103,
ASI2812,Software Analyst,"$11,000",Junior,SFT102,
DSI2813,Software Developer I,"$12,000",Junior,SFT101,
ASI2814,Software Analyst,"$9,000",Junior,SFT103,
ASI2815,Software Analyst,"$7,000",Junior,SFT102,
ASI2816,Software Analyst,"$12,000",Junior,SFT101,
DSI2817,Software Developer I,"$9,000",Junior,SFT101,
DSI2818,Software Developer I,"$8,000",Junior,SFT101,
ASI2819,Software Analyst,"$6,000",Junior,SFT103,
ASI2820,Software Analyst,"$8,000",Junior,SFT102,
ISII2821,Software Engineer I,"$10,000",Junior,SFT101,
ES2822,Software Specialist,"$6,000",Junior,SFT102,
ES2823,Software Specialist,"$7,000",Junior,SFT103,
DSII2824,Software Developer II,"$13,000",Junior,SFT102,
ES2825,Software Specialist,"$8,000",Junior,SFT102,
DSI2826,Software Developer I,"$12,000",Junior,SFT103,
ISII2827,Software Engineer II,"$6,000",Junior,SFT102,
ISII2828,Software Engineer II,"$8,000",Junior,SFT102,
DSI2829,Software Developer I,"$13,000",Junior,SFT102,
ASI2830,Software Analyst,"$9,000",Junior,SFT103,
DSII2831,Software Developer II,"$12,000",Junior,SFT103,
ISII2832,Software Engineer I,"$8,000",Junior,SFT102,
ISII2833,Software Engineer II,"$7,000",Junior,SFT103,
ASI2834,Software Analyst,"$9,000",Junior,SFT102,
DSII2835,Software Developer II,"$8,000",Junior,SFT101,
ASI2836,Software Analyst,"$6,000",Junior,SFT103,
ES2837,Software Specialist,"$7,000",Junior,SFT101,
ES2838,Software Specialist,"$9,000",Junior,SFT103,
ES2839,Software Specialist,"$9,000",Junior,SFT102,
ISII2840,Software Engineer I,"$7,000",Junior,SFT102,
ES2841,Software Specialist,"$13,000",Junior,SFT103,
ISII2842,Software Engineer I,"$13,000",Junior,SFT101,
DSII2843,Software Developer II,"$12,000",Junior,SFT102,
